紫色字體為拓荒者計畫之學校，錄取該校且符合獎學金資格者，優先補助,,,,,Last Update:,2021/5/13,,
"*排名資料來源為QS World University Rankings 2021 (交大 World: 240, Asia: 44)",,,,,***系所年級限制為出國交換當時必須符合之條件(非提出申請時),,,
**名額、語言能力限制及成績限制等資訊以各姐妹校最新公告為準，但校內甄選時申請者須符合此表所列之限制，方可選填各校,,,,,,,,
"編號
No.","國家
Country","學校
Institution","排名*
Ranking","名額**
Quota","系所年級限制***
Eligibility","語言能力限制***
Language Requirement","成績限制***
Grade Requirement","備註
Remarks"
CN01,"China
大陸地區","Shanghai University
上海大學",387,2/sem.,"全校大學部二年級以上及研究所學生
U-wide UG Yr.2 above & PG students",,,"至少在原學校修業滿一年者
Applicants should at least complete one academic year at home university"
,,,,,,,,不接受陸籍學生 Students from Mainland China are not accepted
,,,,,,,,參考網頁 Link
,,,,3/sem.,"人社院研究所學生
Humanities & Social Science PG students",,,"赴該校文學院交換
Exchange to the School of Liberal Arts"
CN02,"China
大陸地區","Shanghai Jiao tong University
上海交通大學",47,15/sem.,"全校大學部二年級以上及研究所學生
U-wide UG Yr.2 above & PG students",,,
,,,,2/sem.,"人社院研究所學生(限非設計領域)
Humanities & Social Science PG students",,,"赴該校媒體與設計學院交換;不接受設計領域學生
Exchange to the school of  Media & Design;
Won't accept the students from design area"
CN03,"China
大陸地區","Dalian University of Technology
大連理工大學",591-600,5/sem.,"全校大學部二年級以上及研究所學生
U-wide UG Yr.2 above & PG students",,,
CN04,"China
大陸地區","University of Science and Technology of China
中國科學技術大學",93,5/sem.,"全校大學部二年級以上及研究所學生
U-wide UG Yr.2 above & PG students",,,"應屆畢業與陸籍學生不得申請；外籍大學部學生須會中文
Final year and Chinese students cannot apply; international UG students need to know Chinese"
CN05,"China
大陸地區","China Academy of Art
中國美術學院",N/A,1,"人社院研究所二年級以上學生
PG Yr. 2 above students in College of Humanities & Social Sciences",,,"僅限研究所學生申請；台灣籍為佳，應屆畢業生可
For PG students only; prefers Taiwanese students; final year students are acceptable"
CN06,"China
大陸地區","Peking University
北京大學",23,4,"全校大學部二年級以上及研究所學生
U-wide UG Yr.2 above & PG students",,,"陸籍學生不得申請
Students from China cannot apply"
,,,,1 student,"管院大學部二年級以上及研究所學生
UG Yr.2 above & PG students of the College of Management",,,"陸籍學生不得申請Students from China cannot apply
交換至光華管理學院Exchange to Guanghua Management School"
CN07,"China
大陸地區","Beijing University of Technology
北京工業大學",651-700,2/sem.,"全校大學部學生
U-wide UG students",,,"自費交換，僅限大學部學生
Fee-paying exchange; UG students only"
CN08,"China
大陸地區","Beijing Jiaotong University
北京交通大學",751-800,3/sem.,"全校大學部二年級以上及研究所學生
U-wide UG Yr.2 above & PG students",,,"非本國籍不得申請
Non-local students cannot apply"
,,,,3/sem.,"科法院研究所學生
PG students of the School of Law",,,"交換至該校法學院
Exchange to the School of Law"
CN09,"China
大陸地區","Beihang University
北京航空航天大學",449,5/sem.,"全校大學部二年級以上及研究所學生
U-wide UG Yr.2 above & PG students",,,"外籍學生不得申請(陸、港、澳籍學生可) International students cannot apply (except students from China, Hong Kong and Macau)"
CN10,"China
大陸地區","Beijing University of Posts & Telecommunications
北京郵電大學",N/A,2/sem.,"全校大學部二年級以上及研究所學生
U-wide UG Yr.2 above & PG students",,,"至少在原學校修業滿一年者
Applicants should at least complete one academic year at home university"
CN11,"China
大陸地區","Sichuan University
四川大學",531-540,5/sem.,"全校大學部二年級以上及研究所學生
U-wide UG Yr.2 above & PG students",,,"非本國籍不得申請
Non-local students cannot apply"
CN12,"China
大陸地區","Jilin University
吉林大學",493,10/sem.,"全校大學部二年級以上及研究所學生
U-wide UG Yr.2 above & PG students",,,"外籍學生不得申請
International students cannot apply"
CN13,"China
大陸地區","Tongji University
同濟大學",256,10/sem.,"全校大學部二年級以上及研究所學生
U-wide UG Yr.2 above & PG students",,GPA3.0,"非本國籍不得申請
Non-local students cannot apply"
CN14,"China
大陸地區","Xi’an Jiaotong University
西安交通大學",303,10/sem.,"全校大學部二年級以上及研究所學生
U-wide UG Yr.2 above & PG students",,,"陸籍與外籍學生不得申請(港、澳籍學生可)
International & Mainland Chinese students cannot apply (HK and Macau students are OK)
春季班暫不收研究生, 學士應屆畢業生, 或是延畢生申請
For spring semester, master degree students, final-tear bachelor degree students or postpone-graduate students cannot apply."
CN15,"China
大陸地區","Southwest Jiaotong University
西南交通大學",N/A,5/sem.,"全校大學部二年級以上及研究所學生
U-wide UG Yr.2 above & PG students",,,"春季班僅接受研究生申請
Spring sem. only accepts PG students"
CN16,"China
大陸地區","Southeast University
東南大學",493,2/sem.,"全校大學部二年級以上及研究所學生
U-wide UG Yr.2 above & PG students",,,"非本國籍不得申請；生醫工程、醫、公衛、建築學院不接受交換
Non-local students cannot apply; Biomed Eng, Medicine, Public Health & Archi. are restricted"
CN17,"China
大陸地區","Chang'An University
長安大學",N/A,3/sem.,"全校大學部二年級以上及研究所學生
U-wide UG Yr.2 above & PG students",,,"此為自費交換計畫，學生須自行負擔兩校學費
Fee-paying exchange program, students are required to pay tuition at both universities"
CN18,"China
大陸地區","Nanjing University
南京大學",124,10/sem.,"全校大學部二年級以上及研究所學生
U-wide UG Yr.2 above & PG students",,,"非本國籍不得申請
Non-local students cannot apply"
CN19,"China
大陸地區","Harbin Institute of Technology
哈爾濱工業大學",260,5/sem.,"全校大學部二年級以上及研究所學生
U-wide UG Yr.2 above & PG students",,,"非本國籍學生可，但須會中文；陸籍學生不得申請
Accepts international students with Chinese ability. Students from China cannot apply"
CN20,"China
大陸地區","Chongqing University
重慶大學",751-800,3/sem.,"全校大學部二年級以上及研究所學生
U-wide UG Yr.2 above & PG students",,,
CN21,"China
大陸地區","Zhejiang University
浙江大學",53,3/sem.,"全校大學部二年級以上及研究所學生
U-wide UG Yr.2 above & PG students",,,"非本地生不得申請
Non-local students cannot apply"
CN22,"China
大陸地區","Tsinghua University
清華大學",15,2,"全校大學部二年級以上及研究所學生
U-wide UG Yr.2 above & PG students",,,"非本國籍不得申請；MBA及畢業班級不接受交換(不接受畢業前一學期)
Non-local students cannot apply; MBA program and final-year classes are restricted"
CN23,"China
大陸地區","Fudan University
復旦大學",34,4,"全校大學部二年級以上及研究所學生
U-wide UG Yr.2 above & PG students",,,"僅限本地生申請
Only local students can apply
管理學院研究所及其他專業學位不開放申請
School of Management PG program and other professional degrees do not accept application"
CN24,"China
大陸地區","Huazhong University of Science & Technology
華中科技大學",400,3/sem.,"全校大學部二年級以上及研究所學生
U-wide UG Yr.2 above & PG students",,,"陸籍學生不得申請
Students from China cannot apply"
CN25,"China
大陸地區","Central China Normal University
華中師範大學",N/A,2/sem.,"人社院大學部二年級以上及研究所學生
UG Yr. 2 above & PG students in College of Humanities & Social Sciences",,,"可交換至外國語學院、教育學院、音樂學院、新聞傳播學院
1. 可接受大陸籍學生報名交換生，但是否錄取要看當年競爭情況。2. 不太建議應屆畢業生報名交換生項目，因從經驗來看，學生選課積極性不高，沒有充分發揮資源，選派非應屆畢業學生更加有益。"
CN26,"China
大陸地區","East China Normal University
華東師範大學",501-510,3/sem.,"全校大學部二年級以上及研究所學生
U-wide UG Yr.2 above & PG students",,平均分數Avg. Score: 80+,"至少在原學校修業滿一年者
Applicants should at least complete one academic year at home university"
,,,,,,,,參考網頁 Link
CN27,"China
大陸地區","South China University of Technology
華南理工大學",462,5/sem.,"全校大學部二年級以上及研究所學生
U-wide UG Yr.2 above & PG students",,,
CN28,"China
大陸地區","Xiamen University
廈門大學",432,10/sem.,"全校大學部二年級以上及研究所學生
U-wide UG Yr.2 above & PG students",,,MBA不接受交換；畢業前最後一學期不得交換；每學期2個名額可給陸籍學生交換 MBA program is restricted; Final semester students cannot apply; 2/sem. can be used by students from Mainland China
CN29,"China
大陸地區","University of Electronic Science & Technology of China
電子科技大學",701-750,5/sem.,"全校大學部二年級以上及研究所學生
U-wide UG Yr.2 above & PG students",,,
CN30,"China
大陸地區","Soochow University
蘇州大學",651-700,2/sem.,"資訊院大學部二年級以上及研究所學生
UG Yr.2 above & PG students of the College of Computer Science",,,"赴該校計算機科學與技術學院交換
Exchange to the School of Computer Science and Technology"
CN31,"China
大陸地區","Lanzhou University
蘭州大學",801-1000,5/sem.,"全校大學部二年級以上及研究所學生
U-wide UG Yr.2 above & PG students",,,
HK01,"Hong Kong
香港地區","The University of Hong Kong
香港大學",22,4 sem. slots,"外文系大學部學生
UG students of the Department of Foreign Languages",,,"研究生不得申請；交換至該校文學院
PG students cannot apply; Exchange to the Faculty of Arts"
,,,,TBA,"科法院碩士二年級以上學生
PG Yr.2 above students of the School of Law",iBT97/IELTS7 (no subtest lower than 6.5),平均分數Avg. Score: 80+,參考網頁 Link
,,,,,,,,Fact Sheet
HK02,"Hong Kong
香港地區","The Chinese University of Hong Kong
香港中文大學",43,2 sem. slots,"社文所及亞際學程學生
Students of the Graduate Institute for Social Research and Cultural Studies and Inter-Asia Cultural Studies",iBT71/IELTS6,平均分數Avg. Score: 80+,參考網頁 Link
,,,,,,,,Fact Sheet
,,,,,,,,"交換至該校 Exchange to the Department of Cultural and Religious Studies, Faculty of Arts
大學部學生欲申請赴此校交換者，請參考台聯大交換計畫 UG students interested in going to CUHK, please see UST exchange program"
HK03,"Hong Kong
香港地區","City University of Hong Kong
香港城市大學",48,5,"全校大學部二年級以上學生
U-wide UG yr.2 above students",iBT79/IELTS6.5/學測英文15級分,,參考網頁 Link
,,,,,,,,課程列表 Course List
,,,,,,,,Fact Sheet
,,,,,,,,Brochure
,,,,,,,,Off-campus Housing
,,,,,,,,"研究生不得申請 PG students cannot apply
不提供校內宿舍 No on-campus housing will be provided"
,,,,2 sem. slots,"傳科系大學部學生
UG students of the Department of Communication & Technology",,,交換至該校傳播系 Exchange to the Department of Media & Communications
HK04,"Hong Kong
香港地區","The Hong Kong University of Science & Technology
香港科技大學",27,4/sem.,"理學院及生科院大學部學生
UG students of the College of Science and College of Biological Science and Technology",,,參考網頁 Link
,,,,,,,,Academic Calendar
,,,,,,,,Info Sheet
,,,,,,,,Poster
,,,,,,,,研究生不得申請 PG students cannot apply
HK05,"Hong Kong
香港地區","Hong Kong Baptist University
香港浸會大學",264,2/sem.,"全校大學部二年級以上學生
U-wide UG yr.2 above students",iBT79/IELTS6,平均分數Avg. Score: 75+,參考網頁 Link
,,,,,,,,Fact Sheet
,,,,,,,,"研究生不得申請；畢業前最後一學期不可交換
PG students cannot apply; cannot exchange in last sem. of UG"
HK06,"Hong Kong
香港地區","The Hong Kong Polytechnic University
香港理工大學",75,Spring: 2 students,"管院大學部學生
UG students of the College of Management",iBT80/IELTS6,,參考網頁 Link
,,,,,,,,Guidebook
,,,,,,,,Academic Calendar
,,,,,,,,研究生不得申請 PG students cannot apply
MO01,"Macau
澳門","University of Macau
澳門大學",367,6 students,"全校大學部二年級以上學生
U-wide UG yr.2 above students",,平均分數 Avg. Score: 62.5+,參考網頁 Link
,,,,,,,,研究生不得申請 PG students cannot apply
JP01,"Japan
日本","Kyushu University
九州大學",124,6 semester spots,"理學院及人社院大學部學生
UG students of the College of Science & College of Humanities & Social Sciences","Recommend: English program: iBT60/IELTS6
Japanese program: JLPT N1",平均分數Avg. Score: 80+ (GPA3.2/4.0),參考網頁 Link
,,,,,,,,Information Sheet
,,,,,,,,"交換至該校共創學部
Exchange to the School of Interdisciplinary Science and Innovation"
,,,,,,,,"無學分、僅可旁聽之課程包含 Courses wihc are not allowed to obtain credit (audit only):
General Education Courses except JACs (KIKAN Education Courses), Lecture Series Courses, Degree Project 1/2/3, Cross Cultural Adjustment 2, International Experience A1/A2/B1/B2"
JP02,"Japan
日本","Chiba University
千葉大學",488,2/sem.,"全校大學部二年級以上及研究所學生
U-wide UG yr.2 and above & PG students","各program要求不同
Varies for different programs",,Fact Sheet
,,,,,,,,J-PAC Outline 2020-2021
,,,,,,,,J-PAC Course List 2020-2021
,,,,,,,,J-PAC Important Info on Courses 2020-2021
,,,,,,,,J-PAC (for UG students)參考網頁 Link
,,,,1 student,"人社院學生-應藝所及建築所碩士班學生
Students of the College of Humanities & Social Sciences",,,Information Sheet
,,,,,,,,"提供交換院系 Available school for exchange:
-Graduate School of Engineering, Graduate School of Science & Engineering"
,,,,2,"理學院學生
Students of the College of Science",,,"提供交換院系 Available school for exchange: Graduate School of Science and Engineering, Faculty of Engineering"
JP03,"Japan
日本","Osaka University
大阪大學",72,3 students,"全校大學部及研究所學生
U-wide UG & PG students","各program要求不同
Varies for different programs",平均分數Avg. Score: 77+,參考網頁 Link
,,,,,,,,Fact Sheet
,,,,,,,,需額外申請文件 Extra application document is required
,,,,5 students,"理學院學生
Students of the College of Science",,,參考網頁 Link
,,,,,,,,赴該校理學院交換 Exchange to the Graduate School of Science/School of Science
,,,,5 students,"理學院研究所學生
PG students of the College of Science",,,赴該校科學與工業研究中心交換 Exchange to the Institute of Scientific and Industrial Research
JP04,"Japan
日本","Future University Hakodate
公立函館未來大學",N/A,3 students,"全校大學部及研究所學生
U-wide UG & PG students","UG: JLPT N2 desirable
PG: able to communicate in Japanese or English",,參考網頁 Link
,,,,,,,,"無英語授課課程
No English-taught courses"
JP05,"Japan
日本","Hokkaido University
北海道大學",139,4,"全校大學部三年級以上及研究所學生
U-wide UG Yr.3 above & PG students","各program要求不同
Varies for different programs","各program要求不同
Varies for different programs",參考網頁 Link
,,,,,,,,HUSTEP 20/21 Brochure
,,,,,,,,"1 HUSTEP 1 year: 1 or 2 students
2 HUSTEP fall sem: 1 or 2 students
3 HUSTEP spring sem: 1 or 2 students
4 JLCSP 1 year :In principal, 1student
5 JLCSP fall sem: In principal,1student
6 JLCSP spring sem: In principal,1student
7 SAS/SRS:up to 5 students"
,,,,,,,,需額外申請文件 Extra application document is required
JP06,"Japan
日本","Japan Advanced Institute of Science and Technology (JAIST)
北陸先端科學技術大學院大學",N/A,5 students,"全校大學部三年級以上及研究所學生
U-wide UG yr.3 above & PG students",,,參考網頁 Link
,,,,,,,,"學生以研究為主，但每學期仍需修讀2門專業課程 Students will mainly do reseach with a professor at JAIST, but at the same time required to take at least 2 profesional courses per semester"
JP07,"Japan
日本","Kyoto Institute of Technology
京都工藝纖維大學",801-1000,2,"全校大學部以及研究所學生
U-wide UG & PG students",,,參考網頁 Link
,,,,,,,,Fact Sheet
JP08,"Japan
日本","Nara Institute of Science and Technology (NAIST)
奈良先端科學技術大學",N/A,3 students,"全校研究所學生
U-wide PG students",,,參考網頁 Link
,,,,,,,,"學生以研究為主，但每學期仍需修讀2門專業課程 Students will mainly do reseach with a professor at JAIST, but at the same time required to take at least 2 profesional courses per semester"
JP09,"Japan
日本","Tohoku University
東北大學",79,1,"全校大學部及研究所學生
U-wide UG & PG students","各program要求不同
Varies for different programs",,參考網頁 Link
,,,,,,,,需額外申請文件 Extra application document is required
JP10,"Japan
日本","The University of Tokyo
東京大學",22,2,"全校大學部三年級以上及研究所學生
U-wide UG Yr.3 above & PG students","Type U: JLPT N1/ iBT90/IELTS6.5
Type G: varies by each Graduate School",Type G: varies by each Graduate School,參考網頁 Link
,,,,,,,,Fact Sheet
,,,,,,,,研究生申請條件 PG Eligibility
,,,,,,,,需額外申請文件 Extra application document is required
JP11,"Japan
日本","Tokyo Institute of Technology (Tokyo Tech)
東京工業大學",56,4 sem. slots,"全校大學部二年級以上及研究所學生
U-wide UG yr.2 above and PG students
YSEP-Research (one-year program): UG yr.4 (not master)
YSEP-Experiencing Japan (half-year program): UG yr.3 2nd sem. or yr.4 (not master)
ACAP-Research: UG yr.4 or PG
ACAP-Course: UG yr.2 above or PG","YSEP: Proficiency in English or Japanese is required (need official test result but no cut-off score)
ACAP-Course: JLPT required for UG students except yr.4 students",,YSEP參考網頁 Link
,,,,,,,,ACAP參考網頁 Link
,,,,,,,,Fact Sheet
,,,,,,,,List of PG courses available to UG students
,,,,,,,,List of Syllabus for PG courses
,,,,,,,,Tokyo Tech OCW
,,,,,,,,需額外申請文件 Extra application document is required
JP12,"Japan
日本","Kindai University
近畿大學",N/A,2/sem.,"全校大學部學生
U-wide UG students",iBT61/JLPT N2,平均分數Avg. Score: 80+,交換計畫資訊 Exchange Program Fact Sheet
,,,,,,,,僅可交換一學期；未曾於日本就學者；不接受畢業前最後一學期學生交換 only 1-sem. exchange; for students who have never studied in Japan; students in last semester before graduation not accepted
JP13,"Japan
日本","Kanazawa University
金澤大學",591-600,4,"全校大學部及研究所學生
U-wide UG & PG students",JLPT N2/iBT60/ IELTS5.5/ TOEIC600,,參考網頁 Link
,,,,,,,,KUEP Brochure 2020
,,,,,,,,需額外申請文件 Extra application document is required
JP14,"Japan
日本","Saitama University
埼玉大學",801-1000,6 sem. slots,"理學院研究所學生
PG students of the College of Science",,,參考網頁 Link
,,,,,,,,赴該校理工研究所交換 Exchange to the Graduate School of Science & Engineering
JP15,"Japan
日本","University of Tsukuba
筑波大學",265,7,"全校大學部及研究所學生
U-wide UG & PG students",College of Japanese Language & Culture: JLPT N2,,參考網頁 Link
JP16,"Japan
日本","Ehime University
愛媛大學",N/A,3 students,"理學院學生
Students of the College of Science",,,參考網頁 Link
,,,,,,,,UG僅有日文授課課程，PG有部分英文授課課程 UG only offers Japanese taught courses; PG offers some English taught courses
JP15,"Japan
日本","Gunma University
群馬大學",701-750,5 students,"工學院大學部以及研究所學生
UG & PG students of College of Engineering",JLPT N2,,參考網頁 Link
,,,,,,,,"交換至交換至該校College of Science and Technology 學院，課程多為日語授課。
Exchange to College of Science and Technology with most courses taught in Janpanese"
JP16,"Japan
日本","The University of Electro- Communications (UEC)
電氣通信大學",N/A,4,"理工領域大三以上及研究所學生
UG yr. 3 and PG students in field of Science & Engineering",iBT79/IELTS6.5,平均分數Avg. Score: 80+,參考網頁 Link
JP17,"Japan
日本","Toyohashi University of Technology
豐橋技術科學大學",N/A,5 students,"全校大學部及研究所學生
U-wide UG & PG students","iBT61/
IELTS5.5/
TOEIC590/
JLPT N1",,參考網頁 Link
,,,,,,,,Fact Sheet
,,,,,,,,"交換學生領域(Available field of study):
1) Mechanical Engineering
2) Computer Science & Engineering
3) Electrical & Electronic Informatics Engineering
4) Environmental & Life Science
5) Architecture & Civil Engineering"
JP18,"Japan
日本","Kwansei Gakuin University (KGU)
關西學院大學",N/A,1 sem. slot,"全校大學部及研究所學生
U-wide UG & PG students","各program要求不同
Varies for different programs",,參考網頁 Link
,,,,,,,,Fact Sheet
,,,,,,,,Brochure
,,,,,,,,Intro
,,,,,,,,需額外申請文件 Extra application document is required
KR01,"Korea
韓國","Chung-Ang University
中央大學",403,4/sem.,"全校大學部及碩士班學生
U-wide UG & Master students",,,參考網頁 Link
,,,,,,,,Fact Sheet
,,,,,,,,Courses Taught in English
,,,,,,,,Services for Exchange Students
,,,,4 sem. slots,"社文所、亞際學程之研究所學生
PG students of the Institute of Social Research and Culture Studies and International Center for Cultural Studies",,,參考網頁 Link
,,,,,,,,交換至該校社會學系 Exchange to the Department of Sociology
KR02,"Korea
韓國","University of North Korean Studies
北韓研究大學",N/A,1/sem.,"社文所、亞際學程之研究所學生
PG students of the Institute of Social Research and Culture Studies and International Center for Cultural Studies",TOPIK Level 5,,參考網頁 Link
,,,,,,,,"課程皆以韓文授課，須具備韓語溝通能力
Courses are all taught in Korean; Korean proficiency is a must"
KR03,"Korea
韓國","Chonnam National University
全南國立大學",701-750,5 students,"全校大學部二年級以上及研究所學生
U-wide UG Yr.2 above & PG students",,平均分數Avg. Score: 67+,參考網頁 Link
,,,,,,,,Course List
,,,,,,,,Fact Sheet
KR04,"Korea
韓國","Sungkyunkwan University
成均館大學",88,2,"全校大學部及研究所學生
U-wide UG & PG students",Business Administration majors: iBT80/ IELTS6/ English B2/ TOPIK 3,平均分數Avg. Score: 70+,參考網頁 Link
,,,,,,,,Fact Sheet
KR05,"Korea
韓國","Sogang University
西江大學",490,3/sem.,"全校大學部及研究所學生
U-wide UG & PG students","建議 Recommend
English courses: iBT79/IELTS6.5
Korean courses: TOPIK Level 4",,參考網頁 Link
,,,,,,,,Information Sheet
KR06,"Korea
韓國","Yonsei University 
延世大學",85,1 sem. slot,"GMBA、經管所、管科所、科管所碩班學生
Master students of GMBA, MBA, Mgt. Science & Mgt. of Technology",iBT100/IELTS7,,參考網頁 Link
,,,,,,,,Fact Sheet
,,,,,,,,"大學部不得申請；赴該校商學院交換
UG students cannot apply; Exchange to School of Business"
,,,,4 sem. slots,"傳播與科技學系大學部及研究所學生
UG & PG students of the Department of Communication & Technology","iBT79/IELTS6.5/
TOPIK Level 4","平均分數
Avg. Score:
65+",參考網頁 Link
,,,,,,,,交換至該校傳播系 Exchange to the Department of Communication
KR07,"Korea
韓國","Chungnam National University
忠南國立大學",701-750,10 sem. slots,"全校大學部及研究所學生
U-wide UG & PG students",建議Recommend: TOPIK3,,參考網頁 Link
KR08,"Korea
韓國","Konkuk University
建國大學",551-560,2/sem.,"全校大學部學生
U-wide UG students",,,參考網頁 Link
,,,,,,,,Fact Sheet
,,,,,,,,Courses Taught in English
,,,,,,,,"以下領域較多英語授課課程 The following departments offer more English-taught courses: Business Administration, International Trade, English Language and Literature, Economics, Political Science"
KR09,"Korea
韓國","Seoul National University
首爾國立大學",37,3,"全校大學部二年級以上及研究所學生
U-wide UG Yr.2 above & PG students","建議 Recommend
iBT88/IELTS6/
TOPIK5","UG平均分數Avg. Score: 83+
PG平均分數Avg. Score: 89+",參考網頁 Link
,,,,,,,,Fact Sheet
KR10,"Korea
韓國","Pohang University of Science & Technology
浦項工科大學",77,3,"理工領域大學部及研究所學生
UG & PG students in STEM (science, technology, engineering and math)",iBT79/IELTS6,平均分數Avg. Score: 70+ (GPA over B),參考網頁 Link
,,,,,,,,Pamphlet
,,,,,,,,Fact Sheet
KR11,"Korea
韓國","Ewha Womans University
梨花女子大學",333,6 sem. slots,"科法院研究所學生
PG students of the School of Law",,"平均分數
Avg. Score:
75+",參考網頁 Link
KR11,"Korea
韓國","Hanyang University
漢陽大學",146,2 sem. slots,"全校大學部及碩班學生
U-wide UG & Master students","IELTS5.5/iBT72/
TOEIC785/
TOPIK Level 4","平均分數
Avg. Score:
60+",參考網頁 Link
,,,,,,,,Fact Sheet
,,,,,,,,課程列表 Course Catalog
,,,,6 sem. slots,"客家院大學部及碩士班學生
UG & Master students of the College of Hakka Studies","TOPIK Level 3/
IELTS5.5/
TOEIC785/iBT72","平均分數
Avg. Score:
60+","交換至漢陽大學ERICA校區-傳播院
Exchange to Erica campus of Hanyang University (College of Communication)"
KR12,"Korea
韓國","Korea Advanced Institute of Science and Technology (KAIST)
韓國高等理工學院",39,2 sem. slots,"管院碩班學生
College of Management Master students",,"平均分數
Avg. Score:
69+",參考網頁 Link
,,,,,,,,Fact Sheet
,,,,,,,,大學部不得申請；赴該校商學院交換 UG students cannot apply; Exchange to College of Business
SG01,"Singapore
新加坡","Nanyang Technological University
南洋理工大學",13,1,"全校大學部及碩士班學生
U-wide UG & Master students","建議Recommend: iBT90/IELTS6
GEPT-中高級
2nd stage",平均分數Avg. Score: 70+/B,參考網頁 Link
,,,,,,,,Fact Sheet
,,,,,,,,不接受交換之program與課程 Restricted programs & courses
SG02,"Singapore
新加坡","Singapore University of Technology and Design (SUTD)
新加坡科技與設計大學",N/A,Spring: 2 students,"全校大學部及碩士班學生
U-wide UG & Master students",,,參考網頁 Link
,,,,,,,,Inbound Exchange Guide
,,,,,,,,Info Sheet
,,,,,,,,"碩士班學生可以申請，但碩士班課程數很少 Master students can be accepted, but the number of master subjects/courses is limited.
建築與可持續發展課程不接受交換生選修 ASD courses are currently not offered to exchange students."
SG03,"Singapore
新加坡","National University of Singapore
新加坡國立大學",11,5 (excluding Business) + 1 for Law,"全校大學部二年級以上學生
U-wide UG yr.2 above students",,"平均分數 Avg. Score: 70+
(no grade <C/65)",參考網頁 Link
,,,,,,,,Fact Sheet
,,,,,,,,可修課程列表 List of Modules
,,,,,,,,"不接受研究生交換 PG students cannot apply (科法院學生除外，但僅可修NUS大學部課程 Except for students in the School of Law, but can only take UG modules)
不得修讀商學院課程 Students cannot take Business modules"
,,,,"Spring 3
(傳科: 保障1 student)","人社院、客家院大學部及研究所學生
UG & PG students of the College of Humanities & Social Sciences and the College of Hakka Studies",,"平均分數
Avg. Score:
70+/B, no C",備註 Remarks
SG04,"Singapore
新加坡","Singapore Management University
新加坡管理大學",511-520,1/sem.,科法所學生 PG students of the Institute of Technology Law,iBT79/IELTS6.5,,參考網頁 Link
,,,,,,,,Fact Sheet
,,,,,,,,Brochure
,,,,,,,,"赴該校法學院交換
Exchange to the School of Law"
MY01,"Malaysia
馬來西亞","Universiti Tunku Abdul Rahman (UTAR)
拉曼大學",801-1000,8 sem. slots,"全校大學部及研究所學生
U-wide UG & PG students",,,參考網頁 Link
,,,,,,,,Information Sheet
,,,,,,,,"除了中文系、中醫系及中國新聞傳媒系以外，所有課程皆為英語授課 All courses in UTAR are conducted in English, except Chinese Studies, Traditional Chinese Medicine and Journalism in Chinese Media. "
MY02,"Malaysia
馬來西亞","Universiti Kebangsaan Malaysia (UKM)
馬來西亞國立大學",141,2/sem.,"全校大學部學生
U-wide UG students",,平均分數Avg. Score: 70+,參考網頁 Link
,,,,,,,,Fact Sheet
MY03,"Malaysia
馬來西亞","Universiti Teknologi Malaysia (UTM)
馬來西亞理工大學",187,6 sem. slots,"全校大學部及研究所學生
U-wide UG & PG students",iBT79/IELTS6,,參考網頁 Link
TH01,"Thailand
泰國","Chulalongkorn University
朱拉隆功大學",208,2/sem.,"生科院大學部三年級以上及研究所學生
UG yr. 3 above and PG students of the College of Biotech.",iBT79/IELTS6,平均分數Avg. Score: 80+,參考網頁 Link
,,,,,,,,Program List
,,,,,,,,Fact Sheet
TH02,"Thailand
泰國","Thammasat University
法政大學",561-570,3 students,"生科院大學部二年級以上及研究所學生
UG yr. 2 above and PG students of the College of Biotech.",iBT60/IELTS5.5,平均分數Avg. Score: 62.5+,參考網頁 Link
,,,,,,,,赴該校理工學院交換 Exchange to the Faculty of Science & Technology
,,,,3 students,"理學院大學部二年級以上及研究所學生
UG yr. 2 above and PG students of the College of Science",,,
,,,,2 sem. slots,"管理學院大學部及研究所學生
UG & PG students of the College of Management",iBT79/IELTS6.5,,參考網頁 Link
TH03,"Thailand
泰國","Kasetsart University
泰國農業大學",801-1000,10 sem. slots,"全校大學部二年級以上及研究所學生
U-wide UG Yr.2 above & PG students",iBT61/IELTS5.5,,參考網頁 Link
,,,,3 students,"生科院大學部二年級以上及研究所學生
UG yr. 2 above and PG students of the College of Biotech.",,,Fact Sheet
TH04,"Thailand
泰國","King Mongkut's University of Thonburi (KMUTT)
國王科技大學",801-1000,5 students,"生科院、理學院大學部二年級以上及研究所學生
UG yr. 2 above and PG students of the College of Biotech. & College of Science",,,參考網頁 Link
,,,,,,,,赴該校理學院或生物資源與科技院交換 Exchange to the Faculty of Science or the School of Bioresources and Technology
TH05,"Thailand
泰國","Chiang Mai University
清邁大學",601-650,10 sem. slots,"國際半導體產業學院研究所學生
PG students of the International College of Semiconductor Technology",,,"交換至該校 Exchange to:
Faculty of Engineering"
BN01,"Brunei
汶萊","Universiti Brunei Darussalam (UBD)
汶萊大學",254,2 sem. slots,"全校大學部二年級以上及研究所學生
U-wide UG yr.2 above & PG students",iBT79/IELTS6,平均分數Avg. Score: 62.5+,參考網頁 Link
ID01,"Indonesia
印尼","Airlangga University (UNAIR)
艾爾朗加大學",521-530,10/sem.,"理學院大學部二年級以上及碩班學生
UG yr.2 above and Master studnets of the College of Science","iBT70/IELTS5
(no sub-band less than 5)",,參考網頁 Link (UG)
,,,,,,,,參考網頁 Link (PG)
,,,,,,,,赴該校理科學院交換 Exchange to the Faculty of Science & Technology
IN01,"India
印度","Vel Tech Rangarajan Dr. Sagunthala R&D Institute of Science and Technology
Vel Tech理工學院",N/A,10 students,"機械系大學部三年級以上及研究所學生
UG yr.3 above & PG students of the Department of Mechanical Engineering",,,參考網頁 Link
IN02,"India
印度","Indian Institute of Technology Bombay(IITB)
印度理工學院
孟買分校",172,4 students,"全校大學部及研究所學生
U-wide UG & PG students","iBT95 (writing at least 20)/
IELTS6.5 (no sub-band lower than 6)",,參考網頁 Link
IN03,"India
印度","Indian Institute of Technology Madras(IITM)
印度理工學院
馬德拉斯分校",275,5/sem.,"全校大學部及研究所學生
U-wide UG & PG students",,,參考網頁 Link
,,,,,,,,Fact Sheet
,,,,,,,,Student Guide
TR01,"Turkey
土耳其","KOC University
柯克大學",465,6 sem. slots,"全校大學部及碩士班學生
U-wide UG & Master students",iBT80/IELTS6.5,平均分數 Avg. Score: 75+,參考網頁 Link
,,,,,,,,Fact Sheet
,,,,,,,,Some Law School courses are in Turkish (such as Turkish Constitutional Law)
TR02,"Turkey
土耳其","Bilkent Univesity
畢爾肯大學",551-560,8 sem. slots,"資訊學院大學部以及研究所學生
UG & PG students of College of Computer Science","iBT79/IELTS6.5/
GEPT中高級複試/
TOEIC785+SW240",,Exchange to Faculty of Engineering with most courses taught in English; Dormitory for free
,,,,,,,,參考網頁 Link
TR03,"Turkey
土耳其","Sabanci University
薩班哲大學",521-530,8 students,"全校大學部及研究所學生
U-wide UG & PG students",建議Recommend: iBT80,,參考網頁 Link
,,,,,,,,Brochure
,,,,,,,,限制課程 Course Limitations for Exchange
RU01,"Russia
俄羅斯","Federal State Budget Educational Institution of Higher Education ""MIREA - Russian Technological University"" (RTU MIREA)
莫斯科科技大學",N/A,5/sem.,"全校大學部及研究所學生
U-wide UG & PG students",,,參考網頁 Link
RU02,"Russia
俄羅斯","Lomonosov Moscow State University (LMSU)
莫斯科國立大學",74,2/sem.,"全校大學部及碩班學生
U-wide UG & Master students",,,參考網頁 Link
,,,,,,,,Fact Sheet
,,,,,,,,"大部份課程為俄語授課，但學生可至該校研習俄語，部分program為英語授課
Most courses are taught in Russian, but students can take Russuan language courses at LMSU, and some programs are in English"
RU03,"Russia
俄羅斯","Peter the Great St. Petersburg Polytechnic University (SPbPU)
聖彼得堡國立技術大學",401,2/sem.,"全校大學部及碩士班學生
U-wide UG & Master students",建議英文Recommend English B2,,參考網頁 Link
,,,,,,,,Fact Sheet
NO01,"Norway
挪威","University of Agder
阿格德爾大學",N/A,9,"全校大學部及研究所學生
U-wide UG & PG students",建議 Recommend above: 英文B2以上,,參考網頁 Link
,,,,,,,,免費挪威語課程參考網頁 Free Norwegian Course
FI01,"Finland
芬蘭","Aalto University
阿爾托大學",127,1,"應藝所學生
Students of the Institute of Applied Arts","建議B2
Recommend B2",,參考網頁 Link
,,,,,,,,Fact Sheet
FI02,"Finland
芬蘭","University of Jyvaskyla
于韋斯屈萊大學",333,6/sem.,"全校大學部二年級以上及碩士班學生
U-wide UG yr.2 above & Master students","建議至少B1，最好B2
Recommend: at least B1, preferably B2",,參考網頁 Link
,,,,,,,,Fact Sheet
,,,,,,,,英語授課課程列表 List of English-taught courses
,,,,,,,,該校較少工程領域課程 Limited number in engineering courses
FI03,"Finland
芬蘭","Hanken School of Economics
漢肯經濟學院",N/A,1/sem.,"管院大學部三年級以上及研究所學生
UG yr.3 above & PG students of the College of Management",iBT87/IELTS6.5,,參考網頁 Link
,,,,,,,,Fact Sheet
,,,,,,,,交換前須至少修讀一年經濟學課程 At least an year of Economics related courses is required prior to exchange
SE01,"Sweden
瑞典","Linkoping University
林雪平大學",362,10 sem. slots,"理工領域大學部三年級以上及碩班學生
UG yr.3 & Master students in fields of Science & Technology",,,參考網頁 Link
,,,,,,,,Fact Sheet
,,,,,,,,赴該校理工學院交換 Exchange to the Faculty of Science & Engineering
SE02,"Sweden
瑞典","Chalmers University of Technology
查默斯理工大學",139,9,"理工領域大學部四年級以上及碩班學生
UG yr.4 above & Master students in fields of Science & Technology",,,參考網頁 Link
,,,,,,,,Fact Sheet
,,,,,,,,僅限具有理工領域背景同學申請(研究所學生: 大學部務必主修理工相關) Students without science and engineering background cannot apply (PG students must have major in Engineering/Technolgy in UG studies) 所有碩班課程為英語授課 All Master's programs are taught in English 僅限一學年交換 Only available for whole academic year exchange
SE03,"Sweden
瑞典","KTH Royal Institute of Technology
皇家理工學院",98,1,"理工領域大學部三年級以上及碩班學生
UG yr.3 above & Master students in fields of Science & Technology",,,參考網頁 Link
,,,,,,,,Fact Sheet
,,,,,,,,"至少50%之課程須於申請之系所修習 At least 50% of the courses has to be taken within the faculty applying to
大學部課程(第1-3年)為瑞典語授課、研究所課程(第4-5年)為英語授課 Bachelor courses (year 1-3) are taught in Swedish, Master courses (year 4-5) are taught in English"
DK01,"Denmark
丹麥","Technical University of Denmark
丹麥科技大學",103,4 students,"全校大學部三年級以上及碩班學生
U-wide UG yr.3 above & Master students",iBT88/IELTS6.5,,參考網頁 Link
DK02,"Denmark
丹麥","University of Southern Denmark (SDU)
南丹麥大學 ",353,10 sem. slots,"全校大學部二年級以上及碩班學生
U-wide UG yr.2 & Master students",iBT88/IELTS6.5,,參考網頁 Link
,,,,,,,,Fact Sheet
LT01,"Lithuania
立陶宛","Vilnius University
維爾紐斯大學",425,3 sem. slots,"全校大學部及研究所學生
U-wide UG & PG students",iBT42/IELTS4.5,,參考網頁 Link
LT02,"Lithuania
立陶宛","Vilnius Gediminas Technical University (VGTU)
維爾紐斯格迪米尼茲科技大學",591-600,4 sem. slots,"全校大學部及研究所學生
U-wide UG & PG students",iBT72/IELTS5.5,,參考網頁 Link
,,,,,,,,Info. Brochure
SK01,"Slovakia
斯洛伐克","Technical University of Kosice (TUKE)
科希策技術大學",801-1000,10 students,"工學院大學部及研究所學生
UG & PG students of the College of Engineering",,,參考網頁 Link
,,,,,,,,Study Programs
,,,,,,,,交換至該校土木工程學院 Exchange to the Faculty of Civil Engineering
PO01,"Poland
波蘭","Cracow University of Economics
夸克經濟大學",N/A,2/sem.,"全校大學部及研究所學生
U-wide UG & PG students","iBT87/IELTS6/
TOEIC750",,參考網頁 Link
,,,,,,,,"大部分課程為商管相關(最低需修滿28ECTS學分)
Most courses are business & mgt. related.       min 28ECTS"
PO02,"Poland
波蘭","Maria Curie-Sklodowska University (UMCS)
居里夫人大學",N/A,2/sem.,"全校大學部及研究所學生
U-wide UG students","iBT42/IELTS4.5
English Philology: iBT72/IELTS5.5",,參考網頁 Link
,,,,,,,,Fact Sheet
,,,,,,,,課程列表 List of courses
PO03,"Poland
波蘭","University of Warsaw
華沙大學",321,4 students,"全校大學部及研究所學生
U-wide UG & PG students",B2: 波蘭文或英文Polish or English (iBT87/IELTS6),,參考網頁 Link
,,,,,,,,Course Catalog
,,,,,,,,該校較少理工領域系所 Limited number of programs in engineering
CZ01,"Czech Republic
捷克","Czech Technical University in Prague (CTU)
布拉格捷克理工大學",432,5 students,"全校大學部及研究所學生
U-wide UG & PG students","iBT72/IELTS5.5
TOEIC Reading 385 Listening 400",,參考網頁 Link
CZ02,"Czech Republic
捷克","Brno University of Technology
布爾諾科技大學",651-700,9,"全校大學部二年級以上及研究所學生
U-wide UG yr.2 above & PG students",,,參考網頁 Link
,,,,,,,,Fact Sheet
,,,,,,,,英語授課列表 English-taught Courses
CZ03,"Czech Republic
捷克","University of Ostrava
俄斯特拉發大學",801-1000,1,"全校大學部二年級以上及碩班學生
U-wide UG yr.2 above & Master students","iBT65/IELTS5.5/
TOEIC605",平均分數Avg. Score: 50+,參考網頁 Link
,,,,,,,,Fact Sheet
CZ04,"Czech Republic
捷克","Masaryk University
馬薩里克大學",531-540,3/sem.,"全校大學部及研究所學生
U-wide UG & PG students","iBT70/IELTS5.5/
TOEIC785",平均分數Avg. Score: 70+,參考網頁 Link
,,,,,,,,Basic Info.
,,,,,,,,Info. Sheet
,,,,,,,,Course List
HU01,"Hungary
匈牙利","Eötvös Loránd University (ELTE)
羅蘭大學",601-650,3,"全校大學部二年級以上及研究所學生
U-wide UG yr.2 above & PG students",建議 English B2,,參考網頁 Link
,,,,,,,,Fact Sheet
,,,,,,,,Course List
AT01,"Austria
奧地利","Graz University of Technology
格拉茨科技大學",275,10 sem. slots,"全校大學部及碩班學生
U-wide UG & Master students","iBT75/IELTS6/
TOEIC785+SW310/
German B2",,參考網頁 Link
,,,,,,,,Brochure
,,,,,,,,Fact Sheet
AT02,"Austria
奧地利","University of Vienna
維也納大學",150,1 sem. slot,"全校大學部二年級以上及碩士班學生
U-wide UG yr.2 above & Master students",iBT80/IELTS6,,參考網頁 Link
IT01,"Italy
義大利","Politecnico di Milano (Polimi)
米蘭理工大學",137,2,"電機、資訊、工學院大學部及研究所學生
UG & PG students of the College of ECE, CS and Engineering","建議 Recommend
義大利文B1 and iBT72/IELTS5.5",,參考網頁 Link
,,,,,,,,Program & Course Info.
,,,,,,,,"交換至該校 Exchange to:
School of Industrial and Information Engineering"
IT02,"Italy
義大利","University of Parma (UNIPR)
帕爾馬大學",801-1000,10 sem. slots,"電機、資訊、工、理、管及人社院大學部及研究所學生
UG & PG students of the College of ECE, CS, Engineering, Science, Management and Humanities & Social Sciences","義大利文A2/
iBT42/IELTS4",,參考網頁 Link
,,,,,,,,Info Sheet
,,,,,,,,"交換至該校 Exchagne to:
Dept. of Enginerring and Architecture
Dept. of Chemistry, Life Sciences and Environmental Sustainability
Dept. of Economics and Management
Dept. of Humanities, Social Sciences and Cultural Industries"
IT03,"Italy
義大利","University of Turin
都靈大學",521-530,5 students,"全校大學部及研究所學生
U-wide UG & PG students",,,參考網頁 Link
,,,,,,,,"英語授課：大學部-商管；研究所-會計、經濟、材料、財金與保險領域；其餘為義大利文授課 English courses: UG-Business & Mgt.; PG-Accounting, Economics, Materials, Finance & Insurance; Other courses are taught in Italian"
,,,,,,,,課程參考網頁 Course Info.
DE01,"Germany
德國","RWTH Aachen University
阿亨工業大學",145,1,"全校大學部三年級以上及研究所學生
U-wide UG yr.3 above & PG students","TestDaF 4/iBT72/
IELTS5.5",,參考網頁 Link
,,,,,,,,Fact Sheet
,,,,1,電機院、資訊院大學部三年級以上及研究所學生 UG yr. 3 above & PG students of the College of ECE and CS,,,參考網頁 Link
,,,,,,,,Exchange to the Faculty of Electrical Engineering and Information Technology
DE02,"Germany
德國","Technical University of Berlin
柏林工業大學",148,2,"全校大學部二年級以上及碩班學生
U-wide UG yr.2 above & Master students","德文B2/iBT87/
IELTS5/TOEIC605",,參考網頁 Link
,,,,,,,,Fact Sheet
DE03,"Germany
德國","SRH University Heidelberg
海德堡應用技術大學",N/A,8 sem. slots,"全校大學部及研究所學生
U-wide UG & PG students
(大學部學生須有商管或國際關係背景，碩士班學生須有工程/電腦或資訊背景
Bachelor students with business/management/international relation background; Master students with engineering/computer science/information technology background)",德檢German B2 or iBT79/IELTS6.5,,參考網頁 Link
,,,,,,,,英語授課 English programs-Master
,,,,,,,,英語授課 English programs-Bachelor
,,,,,,,,"申請此校需繳交符合背景之說明文件
Students applying to this university must submit a document proving fulfillment of background requirement"
DE04,"Germany
德國","University of Mannheim
曼漢姆大學",307,1,"管、理、資訊院大學部二年級以上及碩班學生
UG yr.2 & Master students of the College of Management, Science & Computer Science",德檢German B2 or iBT72/IETLS5.5,,參考網頁 Link
,,,,,,,,Fact Sheet
,,,,,,,,"以資管所、資財系、應數系所、統計所、資工系所學生為優先，其餘學生須提出資訊或數學相關背景證明。交換至該校School of Business Informatics & Mathematics。
Mainly for students with major in info. mgt (PG), info. & finance mgt. (UG), applied math, statistics & cs; other students need to submit proof of knowledge in field of informatics or math."
DE05,"Germany
德國","University of Stuttgart
斯圖加特大學",333,4,"全校大學部及研究所學生
U-wide UG & PG students","Take courses in German: German C1 or German A2 + intensive German course
Take courses in English: iBT72/IELTS5.5+ intensive German course",平均分數Avg. Score: 65+,參考網頁 Link
,,,,,,,,Fact Sheet
,,,,,,,,Course Info.
,,,,,,,,申請此校請上傳符合語言能力之說明 Please upload a document to explain how you fulfill the language requirements.
DE06,"Germany
德國","University of Augsburg
奧格斯堡大學",N/A,3,"全校大學部及碩班學生
U-wide UG & Master students",德檢German B2 or 基礎德文Basic German +iBT72/IELTS5.5/TOEIC Listening400+Reading 385,,參考網頁 Link
,,,,,,,,Fact Sheet
,,,,,,,,英/外文授課課程參考 Courses taught in Enlgih/Foreign Languages
DE07,"Germany
德國","Friedrich-Alexander University Erlangen-Nürnberg
(FAU) 愛爾朗根-
紐倫堡大學",317,6 sem. slots,"工學院大學部四年級及研究所學生
UG yr.4 & PG students of the College of Engineering",iBT95/IETLS7,,參考網頁 Link
,,,,,,,,"赴該校機械系交換，英文授課課程主要為機械工程及國際生產工程與管理相關
Exchange to FAU’s Department of Mechanical Engineering; English-taught courses are mostly about Mechanical Engineering & International Production Engineering & Management"
DE08,"Germany
德國","Darmstadt University of Applied Sciences (h_da)
達姆施塔特應用技術大學",N/A,4 sem. slots,"應藝所學生
Students of the Institute of Applied Arts",德檢German B2 or iBT72/IETLS5.5,,參考網頁 Link
,,,,,,,,交換至該校設計系 Exchange to the Department of Design
DE09,"Germany
德國","Reutlingen University
羅特林根大學",N/A,工、電機、資訊、生科: 15 sem. slots,"工、電機、資訊、管院、生科大學部及研究所學生
UG & PG students of the College of Engineering, Electronic & Electrical Engineering, Computer Science & Management & Biological Science and Technology",iBT72/IELTS5.5,,參考網頁 Link
,,,,"管: UG-6 sem. slots, PG-2 students",,,,ESB Fact Sheet
NE01,"Netherlands
荷蘭","Radboud University Nijmegen
拉德堡德大學
(原奈美恩大學)",214,2,"管院大學部二年級以上及碩班學生
UG yr.2 above & Master students of the College of Management","UG: iBT70/IELTS5.5/TOEIC620(LRSW)
PG: iBT90/IELTS6.5/TOEIC720(LRSW)",,參考網頁 Link
,,,,,,,,"赴該校修習研究所課程者，外語檢定成績須達iBT90/IELTS6.5，未達上述標準但符合iBT70/IELTS5.5以上之研究所學生僅可赴該校修習大學部課程，須於其他有利審查文件中檢附所屬系所承認大學部課程為""專業課程""方可申請；大學部學生不得修習研究所課程 UG students cannot take PG-level courses"
,,,,4 students,"客家院大學部二年級以上及碩班學生
UG yr.2 above & Master students of the College of Hakka Studies","Arts: iBT79/IELTS6/TOEIC785(LRSW)
English & American Studies: iBT92/IELTS7/TOEIC945(LRSW)",,參考網頁 Link
,,,,,,,,Fact Sheet
,,,,,,,,赴該校文學院交換 Exchange to the Faculty of Arts
NE02,"Netherlands
荷蘭","University of Twente
湍特大學",197,6,"全校大學部二年級以上及碩班學生
U-wide UG yr.2 above & Master students","iBT80/IELTS6/
TOEIC790(with S&W and L&R)",,參考網頁 Link
,,,,,,,,Data Sheet
NE03,"Netherlands
荷蘭","University of Groningen
葛洛寧恩大學",128,3 sem. slots,"管院大學部三年級以上及研究所學生
UG yr.3 above & PG students of the College of Management","UG: iBT80(S&W19+)/
IELTS6(S6+,W5.5+)
PG: iBT90(S&W21+)/
IELTS6.5(S6+,W6.5+)",,參考網頁 Link
,,,,,,,,Fact Sheet
,,,,,,,,Academic Calendar
,,,,,,,,PG: 大學主修須為商管相關 Must be graduated from Economics and business related bachelor degree
BE01,"Belgium
比利時","Universite libre de Bruxelles (ULB)
布魯塞爾自由大學",250,4,"全校大學部及研究所學生
U-wide UG & PG students",建議法語B1以上Recommend French: B1,,參考網頁 Link
,,,,,,,,Fact Sheet
,,,,,,,,"UG: 法語授課taught in French
PG: 部份英語授課partially taught in English"
,,,,4 sem. slots,"管院大學部三年級以上及碩士班學生
UG yr.3 above & Master students of the College of Management","建議英文B2以上
Recommend English: B2",,參考網頁 Link
,,,,,,,,大學部大部分為法文授課，研究所50%為英文授課 Most UG courses are taught in French; half of PG courses are taught in English.
BE02,"Belgium
比利時","University of Antwerp
安特衛普大學",238,2 sem. slots,"全校大學部四年級以上及研究所學生
U-wide UG yr.4 above & PG students",iBT79/IELTS6.5,,參考網頁 Link
,,,,,,,,Fact Sheet
,,,,,,,,"第二梯次不開放申請至生醫科學系
The 2nd intake does not include the Faculty of Biomedical Science"
,,,,4 sem. slots,"管理學院大學部三年級以上及碩士班學生
UG yr.3, 4 and Master students of the College of Management",iBT79/IELTS6.5,,參考網頁 Link
,,,,,,,,交換至該校 Exchange to the Faculty of Business and Economics
BE03,"Belgium
比利時","Hasselt University
哈瑟爾特大學",456,2 students,"電子或資通領域大學部三年級以上及碩士班學生
UG yr.3 above & Master students in Electronics or ICT",iBT79/IELTS6.5,,參考網頁 Link
,,,,,,,,Fact Sheet
,,,,,,,,有機會可獲得Erasmus+獎學金 May be eligible for Erasmus+ scholarship；交換至Faculty of Engineering Technology
,,,,,,,,"有疑問可與Prof. Claesen何慎諾教授聯絡 If any question, please contact Prof. Claesen: luc.claesen@uhasselt.be"
BE04,"Belgium
比利時","K.U. Leuven
魯汶大學",84,4 sem. slots,"管院大二以上及碩士班學生
UG yr.2 above & Master students in College of Management",iBT79/IELTS6.5,,"交換至該校 Economics and Business 系所
Exchange to Faculty of Economics and Business"
,,,,,,,,Fact Sheet
,,,,,,,,參考網頁 Link
,,,,4 students,"工學院大四以上及碩士班學生
UG yr.4 above & Master students in College of Engineering",iBT94/IELTS7,,參考網頁 Link
,,,,,,,,僅研究所提供英文授課課程 English-taught courses are only offered in PG level. 學生交換時須修至少24學分/學期 Students are required to take a min. of 24 ECTS/semester
,,,,,,,,英語授課課程清單Course List
,,,,"8 sem. slots
(UG: 4 / PG: 4)","理學院大四以上及碩士班學生
UG yr.4 above & Master students in College of Science",,,參考網頁 Link
,,,,,,,,英語授課課程列表 Course List
,,,,,,,,"該校僅碩班課程為英語授課，大學部課程皆為荷語授課 Only master programmes are offered in English, UG programmes are offered in Dutch"
SP01,"Spain
西班牙","University of Barcelona
巴塞隆納大學",183,4 sem. slots,"生科院大學部及碩士班學生
UG and Master students of the College of Biological Science and Technology","英文或西文B1以上
(iBT42/IELTS4
/TOEIC550)",,參考網頁 Link
,,,,,,,,Infosheet
SP02,"Spain
西班牙","Autonomous University of Barcelona
巴塞隆納自治大學",213,2 sem. slots,"電機、資訊、理學院大學部學生
UG students of the College of ECE, CS, Science","iBT79/IELTS6.5/
DELE B2",,參考網頁 Link
,,,,,,,,"交換至exchange to School of Engineeirng (Computer Engineering & Chemical Engineering), 至少50%的課在該學院修讀 take at least 50% of courses from above school"
SP03,"Spain
西班牙","Universidad Carlos III de Madrid (UC3M)
馬德里卡洛斯三世大學",311,10 sem. slots,"全校大學部二年級以上學生
U-wide UG yr.2 & above students",建議英文或西文B2以上,,參考網頁 Link
,,,,,,,,Fact Sheet
,,,,,,,,Key Dates
,,,,,,,,影音資源 Audiovisual Resources
,,,,,,,,English-taught courses - Getafe Campus
,,,,,,,,English-taught courses - Leganes Campus
,,,,,,,,僅限大學部學生申請 UG students only
CH01,"Switzerland
瑞士","Zurich University of Applied Sciences, Winterthur (ZHAW)
蘇黎世應用科學
大學溫特圖分校",N/A,"8 sem. slots
(UG: 6, PG: 2)","管院大學部及研究所學生
UG & PG students of the College of Management",iBT79/IELTS6.5,,參考網頁 Link
,,,,,,,,Fact Sheet
,,,,,,,,Brochure
,,,,,,,,Academic Calendar
,,,,,,,,研究所英語授課課程 PG English-taught Courses
,,,,,,,,大學部英語授課課程 UG English-taught Courses
FR01,"France
法國","KEDGE Business School
KEDGE高等商業學院",N/A,7 sem. slots,"管院、應藝所非博士班學生
Students of the College of Management and Institute of Applied Arts (PhD students not applicable)","iBT79/IELTS6/
TOEIC785",,參考網頁 Link
,,,,,,,,Fact Sheet
,,,,,,,,"分為三個校區，商管課程每個校區都有，但設計課程僅在土倫 Business management programs are available in all 3 campuses (Bourdeaux, Marseille and Toulon), but Design program is only in Toulon"
FR02,"France
法國","SKEMA Business School
SKEMA商學院",N/A,8 sem. slots,"管院大學部及碩班學生
UG & Master students of the College of Management","iBT79/IELTS6.5/
TOEIC830",平均分數Avg. Score: 62.5+,參考網頁 Link (大學部UG)
,,,,,,,,參考網頁 Link (碩班PG)
,,,,,,,,Fact Sheet
FR03,"France
法國","ESME Sudria Engineering School
SUDRIA機電專業學院",N/A,6 sem. slots,"資訊院大學部及研究所學生
UG & PG students of the College of Computer Science","iBT65/IELTS5.5/
TOEIC600",,Fact Sheet
,,,,,,,,研究所英語授課列表 List of PG courses taught in English
FR04,"France
法國","Y SCHOOLS
Y Schools精英高等院校聯盟",N/A,5 sem. slots,"管院大學部及碩士班學生
UG & Master students of the College of Management",,,Fact Sheet
FR05,"France
法國","Institut Supérieur d’Electronique de Paris (ISEP)
巴黎高等電子學院",N/A,5 students,"全校大學部三年級以上及碩士班學生
U-wide UG yr.3 above & Master students",iBT79/IELTS6.5,,參考網頁 Link
,,,,,,,,課程列表 Course Catalog
,,,,,,,,"僅可申請該校之理工相關課程
Can only apply for Science & Engineering related courses"
FR06,"France
法國","University Paris-Est Créteil (UPEC)
巴黎第十二大學",N/A,4 sem. slots,"管院大學部三年級以上及研究所學生
UG yr.3 above & PG students of the College of Management",法檢 French B2/ iBT87/IELTS6,,管院參考網頁 Link
,,,,,,,,管院課程資訊 Course info. in Management
,,,,4 sem. slots,"理工領域大二以上及研究所學生
UG yr. 2 and PG students in field of Science & Engineering",,,"限生科、資訊、生醫、應化、環工領域同學申請 Restricted to stduents in Biological Sci., CS, Biomedical Sci., Applied Chemistry and Environment Engineering"
,,,,,,,,理工領域課程資訊 Course info. in Science & Technology
,,,,4 students,"工學院大學部及研究所學生
UG and PG students of the College of Engineering","iBT42/IELTS4
/TOEIC550",,參考網頁 Link
,,,,,,,,"交換至該校 Exchange to: Faculty of Science and Technology 可交換領域 relevant academic fields: UG: civil & mechanical engineering, material science; Master: engineering & environmental engineering; PhD: environmental engineering, environmental science and technology"
FR07,"France
法國","École Polytechnique
巴黎綜合理工學院",61, 4 sem. slots,"數學、資訊、經濟以及物理領域之大學部以及研究所學生
UG & PG students in the fields of Mathematics, Computer Science, Economics and Physics","UG: iBT72/IELTS5.5
PG: iBT72/IELTS5.5
/French B2",平均分數Avg. Score: 75+,參考網頁 Link
,,,,,,,,Fact Sheet
FR08,"France
法國","Paris-Saclay University
巴黎-薩克雷大學",305,10 sem. slots,"法律、經濟/管理、理/科技/健康領域三年級以上及碩班學生
UG yr.3 above & Master students in Law, Economics/Management, Science/Technology/Health",建議 recommend French B1-B2,,參考網頁 Link
,,,,,,,,Fact Sheet
FR09,"France
法國","University of Strasbourg
史特拉斯堡大學",398,8 sem. slots,"客家院大三以上及碩士班學生
UG yr.3 & Master students of the College of Hakka Studies",法文French B1,,參考網頁 Link
,,,,,,,,Fact Sheet
,,,,,,,,多數課程以法語授課 Most courses are taught in French
,,,,,,,,赴該校社科院交換 Exchange to the Faculty of Social Sciences
FR10,"France
法國","Sup'Biotech Paris
生物技術高等學院",N/A,10 sem. slots,"理學院及生科院大學部三年級以上及碩班學生
UG yr.3 above & Master students of the College of Science and College of Biological Science and Technology",iBT70/IELTS6,,參考網頁 Link
,,,,,,,,Fact Sheet
,,,,,,,,大學部課程 UG Courses
,,,,,,,,研究所課程 PG Courses
FR11,"France
法國","Université Jean Moulin Lyon 3
里昂第三大學",1001+,3,"全校大學部三年級以上及研究所學生
U-wide UG yr.3 above & PG students",iBT80 (no section below 20)/IELTS6.5 (no sub-band below 6)/DELF B1/ TOEIC(L/S/R/W)1020,,參考網頁 Link
,,,,,,,,"無理工領域之英語授課課程
No science & engineering related courses"
FR12,"France
法國","Universite Catholique de Lille
里爾天主教大學",N/A,4 students,"工、光電院大學部三年級以上與碩士班學生
UG yr.3 above & Master students of the College of  Engineering, Photonics","iBT72/IELTS5.5/
TOEIC785",,參考網頁 Link
,,,,,,,,課程列表 Course Catalog
,,,,,,,,Brochure Download下載
,,,,,,,,交換至ISEN Lille，該校提供碩士班M1/M2英文授課，大四以上可修讀 Exchange to ISEN Lille where M1/M2 English-taught courses are provided (Final year UG can enroll)
FR13,"France
法國","University of Bordeaux
波爾多大學",425,4 sem. slots,"全校大學部二年級以上及研究所學生
U-wide UG yr.2 above & PG students",法文B1 or iBT72/IELTS5.5,,參考網頁 Link
,,,,,,,,Fact Sheet
,,,,,,,,"分為三個校區 There are three campuses:
-Carreire: Health, Human Sciences
-Pessac: Law, Political Sciences, Economics, Management
-Talence: Science and Technology"
FR14,"France
法國","IMT Mines Albi
阿爾比-加莫國立高等礦業學校",N/A,"French program: 6 students
English program: upon request","理工領域大三以上以及碩班學生
UG yr.3 above and Master students in engineering","iBT80/IELTS6/
TOEIC750/
French B2",,碩士課程 Master Programs
,,,,,,,,Fact Sheet
,,,,,,,,"若選擇英文碩士，每學期需繳交750歐元學雜費
If taking English master program, students need to pay EUR750/semester"
FR15,"France
法國","Burgundy School of Business
勃根地商學院",N/A,6 sem. slots,"管院學生
Students of the College of Management","IELTS6/TOEIC750
iBT80/CEFR B1 or
TCF 4/French B2",,參考網頁 Link
FR16,"France
法國","University of Technology of Troyes
特魯瓦科技大學",N/A,2 students,"全校大學部二年級以上及研究所一年級以上學生
 U-wide UG Yr.2 above & PG students Yr.1 above","B1 of English if the student intends to enroll in courses taught in English.
 B1 of French if the student intends to enroll in courses taught in French.
 No proof of language test is required.",,"僅可申請下列領域:
 Control and Computer Engineering (A2I) 
 Industrial Systems (GI)
 Informatics and Information Systems (ISI) 
 Systems, Networks and Telecommunications (RT) 
 Mechanical Systems (GM) 
 Materials Science and Technology (MTE) 
 Materials Science and Mechanics (MM) (dual apprenticeship only)"
,,,,3/sem.,"工學院之研究所學生
PG students of College of Engineering",法文課程 French program: French B1,,英語授課主要以研究所課程為主 Most English-taught courses are at PG level
,,,,,,,,參考網頁 Link
,,,,,,,,Fact Sheet
,,,,,,,,英語授課課程 English-taught courses
FR17,"France
法國","University of Technology of
Compiégne (UTC)
貢比涅技術大學",N/A,3/sem.,"全校大學部三年級以上及碩士班學生
U-wide UG yr.3 above & Master students","English A2
(iBT31/ IELTS4)",,參考網頁 Link
,,,,,,,,"大部分課程為法語授課，機械、資工及生醫領域有大學部英語授課課程；少數研究所課程在秋季班有英語授課 Most courses are taught in French; however, there are English-taught courses in Mechanical Engineering, Informatics Engineering and Biological Engineering. Some English-taught courses at PG level are offered in Fall semester."
FR18,"France
法國","INSA Strasbourg
國立史特拉斯堡應用科學學院",N/A,10 sem. slots,"工學院大學部三年級以上及碩班學生
UG yr.3 above & Master students of the College of Engineering",法文French B1+30hr密集法文課Intensive French Course or 法文French B2,,參考網頁 Link
,,,,,,,,Courses taught in English
,,,,,,,,"大部份課程為法語授課 Most courses are taught in French
每個領域至多2人 Up to 2 students in each specialty"
FR19,"France
法國","INSA Toulouse
國立圖盧茲應用科學學院",N/A,"4 semester spots
(max. 2/specialty)","資訊院大學部及碩士班學生
UG & Master students of the College of Computer Science","建議英文B2 或法文B1以上
Recommended English B2 or French B1",平均分數Avg. Score: 67.5+,參考網頁 Link
,,,,,,,,Fact Sheet
,,,,,,,,英語課程 English-taught programs
,,,,,,,,"大部分課程為法文授課，有些碩士program及大學部春季班課程為100%英語授課 Most courses are taught in French, but some master programs and bachelor-level spring semesters are 100% English.
每個領域至多2人 Up to 2 students in each specialty"
FR20,"France
法國","École des mines de Saint-Étienne (EMSE)
聖艾蒂安礦業學院",N/A,4/sem.,"全校研究所學生
U-wide PG students","iBT72/IELTS5.5/
French B1",,參考網頁 Link
,,,,,,,,Fact Sheet
,,,,,,,,"具備法文能力者可選擇With French proficiency, students can choose either ICM or ISMIN
僅有英文能力者可選擇With English proficiency only, students can take one of the 8 English-taught MSc programs"
FR21,"France
法國","University of Versailles Saint-Quentin-en-Yvelines (UVSQ)
聖康丁昂伊夫利納-凡爾賽大學",N/A,3/sem.,"工學院大學部二年級以上及碩班學生
UG yr.3 above & Master students of the College of Engineering",,,參考網頁 Link
,,,,,,,,大部分課程為法文授課 Most courses are taught in French
FR22,"France
法國","CY Cergy Paris Université-CY Tech
(原EISTI)
CY塞爾吉-巴黎大學",N/A,6 students,"管理、理、資訊院大學部四年級以上及研究所學生
UG yr.4 above and PG students of the College of Management, Science & Computer Science",iBT80/IELTS6.5,,參考網頁 Link
,,,,,,,,IPS Program Brochure
,,,,,,,,"以資管所、資財系、應數系所、統計所、資工系所學生為優先，其餘學生須提出資訊或數學相關背景證明 Mainly for students with major in info. mgt, info. & finance mgt, applied math, statistics & cs; other students need to submit proof of knowledge in field of informatics or math."
FR23,"France
法國","Rennes School of Business
雷恩商學院",N/A,12 sem. slots,"管院大學部三年級以上及碩班學生
UG yr.3 above & Master students of the College of Management","iBT72/IELTS5.5
/TOEIC750",,參考網頁 Link
,,,,,,,,Fact Sheet
,,,,,,,,Brochure
,,,,,,,,Level 3 Courses
,,,,,,,,Level 4 Courses
,,,,,,,,Level 5 Courses
FR24,"France
法國","University of Rennes 1
雷恩第一大學",801-1000,5/sem.,"電機、資訊院大學部四年級及碩士班學生
UG yr.4 & Master students of the College of Electrical & Computer Engineering and the College of Computer Science",iBT72/IELTS5.5,,參考網頁 Link
,,,,,,,,交換至該校ENSSAT學院
,,,,,,,,Intro
,,,,,,,,Fact Sheet
FR25,"France
法國","Université Toulouse III – Paul Sabatier (UPS)
圖盧茲第三大學",551-560,5 students,"全校大學部學生
U-wide UG students",iBT72/IELTS5.5,,參考網頁 Link
,,,,,,,,英語授課課程 English-taught Courses
,,,,,,,,"英語授課課程多為商管課程
Most English-taught courses are Business & Management related"
FR26,"France
法國","EM Normandie
諾曼第管理學院",N/A,10 sem. slots,"管院大學部三年級以上學生
UG yr.3 above students of the College of Management","UG: TOEIC750
IELTS5/iBT72",,參考網頁 Link
,,,,,"管院碩士班學生
Master students of the College of Management","PG: TOEIC790
IELTS5.5/iBT83",,Fact Sheet
FR27,"France
法國","Institut Mines-Télécom Business School (IMT-BS)
礦業學院-電信商學院",N/A,6 sem. slots,"管院大學部四年級及碩士班學生
UG yr.4 & Master students of the College of Management",iBT79/IELTS6.5,,參考網頁 Link
,,,,,,,,Fact Sheet
,,,,,,,,"大學部學生僅可申請秋季班
UG students can only apply for fall semester"
FR28,"France
法國","IPAG Business School
IPAG高等商學院",N/A,4 students,"管院大學部學生
UG students of the College of Management",建議CEFR英文B2以上,,參考網頁 Link
,,,,,,,,僅限大學部學生申請 UG students only
,,,,,,,,Key Data Sheet
PT01,"Portugal
葡萄牙","University of Algarve (UAlg)
阿爾加夫大學",N/A,4 sem. slots,"管院、國際半導體學院大學部四年級與研究所學生
UG yr.4 & PG students of the College of Management & International College of Semiconductor Technology",iBT80/IELTS6,,參考網頁 Link
,,,,,,,,"大學部皆為葡文授課，研究所部分為英語授課 All UG courses are taught in Portugese, some PG courses are taught in English"
UK01,"United Kingdom
英國","The University of Leeds
里茲大學",91,自費交換: 20 students,"全校大學部及研究所學生
U-wide UG & PG students",IELTS6/iBT87,,參考網頁 Link
,,,,,,,,此為自費計畫 this is a self-funded study abroad program
PF01,"French Polynesia
法屬玻里
尼西亞","The University of French Polynesia (UPF)
法屬玻里尼
西亞大學",N/A,2 students,"全校大學部及研究所學生
U-wide UG & PG students",,,參考網頁 Link
,,,,,,,,"位於大溪地；大部分法語授課，交換生可修少部分之英語課程
Located in Tahiti; courses are taught in French; exchange students can take some English-taught courses in the field of English Language Studies"
NZ01,"New Zealand
紐西蘭","Auckland University of Technology (AUT)
奧克蘭理工大學",437,1 sem. slot,"管院大學部二年級以上及碩班學生
UG yr.2 above & Master tudents of the College of Management","UG: iBT60/IELTS6/
(all bands 5.5+)
PG: iBT79/IELTS6.5
(all bands 6+)","平均分數
Avg. Score:
75+",參考網頁 Link
,,,,,,,,Fact Sheet
,,,,,,,,"赴該校商學院交換 Exchange to the Faculty of Business, Economics and Law"
CA01,"Canada
加拿大","Université de Montréal- Polytechnique Montréal
蒙特婁大學-
蒙特婁理工學院",118,"5 students
僅限秋季班交換","理工領域大學部三年級以上及研究所學生
UG yr.3 above & PG students in the field of Engineering",,"平均分數
Avg. Score:
70+",參考網頁 Link
,,,,,,,,Fact Sheet
,,,,,,,,Program Info
,,,,,,,,"可選擇其中一個領域 Choose a cluster:
1.Emerging Biomedical Technologies
2.Energy Systems
3.Engineering Physics
4.Industrial & Systems Engineering
5.Materials Science & Engineering
6.Resources Infrastructures
7.Software
8.Sustainable Development
9.Sustainable Transport"
CA02,"Canada
加拿大","École des sciences de la gestion de l'Université du Québec à Montréal (UQAM)
魁北克大學蒙特婁分校
管理學院",601-650,3,"管院大學部二年級以上及研究所學生
UG yr.2 above & PG students of the College of Management","iBT80/IELTS6
/TOEIC750","平均分數
Avg. Score:
70+",Fact Sheet
,,,,,,,,Info Guide
,,,,,,,,英語授課課程 English-taught Courses
,,,,,,,,"部分課程為英語授課，可選修基礎法文課
Some courses are taught in English; students can take basic French courses too."
CA03,"Canada
加拿大","University of Regina
里賈納大學",N/A,3 sem. slots,"全校大學部二年級以上學生
U-wide UG yr.2 & above students",,,參考網頁 Link
,,,,,,,,"僅限大學部學生申請 UG students only
需繳交150元加幣 Required to pay a mandatory activity fee of $150 CAD to the Study Abroad and Mobility office. "
US01,"U.S.A.
美國","University of North Texas
北德州大學",N/A,1 sem. slot,"全校大學部及碩士班學生
U-wide UG & Master students",IELTS6/iBT79,,參考網頁 Link
US02,"U.S.A.
美國","Juniata College
朱尼亞塔學院",N/A,4 sem. slots,"全校大學部二年級以上學生
U-wide UG yr.2 & above students", iBT80,,參考網頁 Link
,,,,,,,,僅大學部學生可以申請 Only for UG students
US03,"U.S.A.
美國","Chapman University
查普曼大學",N/A,1 sem. slot,"全校大學部及研究所學生
U-wide UG & PG students",建議Recommend:iBT87/IELTS6,"平均分數
Avg. Score:
80+",參考網頁 Link
US04,"U.S.A.
美國","University of Colorado Boulder
科羅拉多大學 波德分校",230,2 sem. slots,"全校大學部二年級以上學生
U-wide UG yr.2 & above students","IELTS8 or 
iBT83 (engineering)
/iBT75 (others)",,參考網頁 Link
,,,,,,,,"以下學院不開放交換 Colleges not open for exchange: Education, Music, Law"
US05,"U.S.A.
美國","Stony Brook University, State University of New York
紐約州立大學石溪分校",373,1 sem. slot,"全校大學部學生
U-wide UG students",IELTS6.5/iBT80,,參考網頁 Link
,,,,,,,,Course Offerings
待處理,中國大陸,"Sun Yat-Sen University
 中山大學",263,8 / academic year,"全校大學部二年級以上及研究所一年級以上學生
 U-wide UG Yr.2 above & PG students Yr.1 above",,,
待處理,中國大陸,"Guizhou University
 貴州大學",N/A,2 / sem.,"全校大學部二年級以上及研究所一年級以上學生
 U-wide UG Yr.2 above & PG students Yr.1 above",,,
待處理,日本,"Kyushu Institute of Technology
 九州工業大學",801-1000,5 / academic year,"全校大學部二年級以上及研究所一年級以上學生
 U-wide UG Yr.2 above & PG students Yr.1 above",,,
待處理,日本,"Nagasaki University
 長崎大學",531-540,5 / academic year,"全校大學部二年級以上及研究所一年級以上學生
 U-wide UG Yr.2 above & PG students Yr.1 above","各學科要求不同, 請見: 
 http://www.liaison.nagasaki-u.ac.jp/download/172/koukan_youkou.pdf",,"大學部為日語授課, 有些研究生院有英語授課
The courses are taught in Japanese in undergraduate programs, some courses are taught in English in graduate schools."
待處理,印尼,"University of HKBP Nommensen
 HKBP諾門森大學",N/A,2 / sem.,"全校大學部二年級以上及研究所一年級以上學生
 U-wide UG Yr.2 above & PG students Yr.1 above",,,
待處理,美國,"University of Wisconsin-Madison
 威斯康辛大學 麥迪遜分校",65,2 / academic year,"全校大學部二年級以上及研究所一年級以上學生
 U-wide UG Yr.2 above & PG students Yr.1 above","Traditional Test Options:
 TOEFL: Minimum of 80 (iBT) / 550 (PBT)
 TOEIC: Minimum of 685
 IELTS: Minimum of 6.5
 iTEP Academic: Minimum 3.8
 
 Online Test Options:
 Duolingo English Test: Minimum 105
 iTEP Academic: Minimum 3.8","GPA 至少 3.0 以上(滿分4.0)
 At least 3.0 GPA on a 4.0 Scale","此為自費交換計畫，學生須自行負擔兩校學費
Fee-paying exchange program, students are required to pay tuition at both universities"
待處理,美國,"University of Evansville
 伊凡斯維爾大學",N/A,2 - 4 / academic year,"全校大學部二年級以上及研究所一年級以上學生
 U-wide UG Yr.2 above & PG students Yr.1 above",,,"此為自費交換計畫，學生須自行負擔兩校學費
Fee-paying exchange program, students are required to pay tuition at both universities"
待處理,德國,"Otto-von-Guericke-University of Magdeburg
 馬德堡大學",N/A,2 / sem.,"全校大學部二年級以上及研究所一年級以上學生
 U-wide UG Yr.2 above & PG students

醫學系不收交換生","If they study in German- German B2; 
 if they study in English- English B2",,