編號No.,Country,國家,學校,Institution,排名Ranking,名額Quota,系所年級限制Eligibility,語言能力限制Language Requirement,成績限制Grade Requirement,
CN01,China,大陸地區,Shanghai University,上海大學,387,2/sem.,全校大學部二年級以上及研究所學生U-wide UG Yr.2 above & PG students,,,
CN01,China,大陸地區,Shanghai University,上海大學,387,3/sem.,人社院研究所學生Humanities & Social Science PG students,,,
CN02,China,大陸地區,Shanghai Jiao tong University,上海交通大學,47,15/sem.,全校大學部二年級以上及研究所學生U-wide UG Yr.2 above & PG students,,,
CN02,China,大陸地區,Shanghai Jiao tong University,上海交通大學,47,2/sem.,人社院研究所學生(限非設計領域)Humanities & Social Science PG students,,,
CN03,China,大陸地區,Dalian University of Technology,大連理工大學,591-600,5/sem.,全校大學部二年級以上及研究所學生U-wide UG Yr.2 above & PG students,,,
CN04,China,大陸地區,University of Science and Technology of China,中國科學技術大學,93,5/sem.,全校大學部二年級以上及研究所學生U-wide UG Yr.2 above & PG students,,,
CN05,China,大陸地區,China Academy of Art,中國美術學院,N/A,1,人社院研究所二年級以上學生PG Yr. 2 above students in College of Humanities & Social Sciences,,,
CN06,China,大陸地區,Peking University,北京大學,23,4,全校大學部二年級以上及研究所學生U-wide UG Yr.2 above & PG students,,,
CN06,China,大陸地區,Peking University,北京大學,23,1 student,管院大學部二年級以上及研究所學生UG Yr.2 above & PG students of the College of Management,,,
CN07,China,大陸地區,Beijing University of Technology,北京工業大學,651-700,2/sem.,全校大學部學生U-wide UG students,,,
CN08,China,大陸地區,Beijing Jiaotong University,北京交通大學,751-800,3/sem.,全校大學部二年級以上及研究所學生U-wide UG Yr.2 above & PG students,,,
CN08,China,大陸地區,Beijing Jiaotong University,北京交通大學,751-800,3/sem.,科法院研究所學生PG students of the School of Law,,,
CN09,China,大陸地區,Beihang University,北京航空航天大學,449,5/sem.,全校大學部二年級以上及研究所學生U-wide UG Yr.2 above & PG students,,,
CN10,China,大陸地區,Beijing University of Posts & Telecommunications,北京郵電大學,N/A,2/sem.,全校大學部二年級以上及研究所學生U-wide UG Yr.2 above & PG students,,,
CN11,China,大陸地區,Sichuan University,四川大學,531-540,5/sem.,全校大學部二年級以上及研究所學生U-wide UG Yr.2 above & PG students,,,
CN12,China,大陸地區,Jilin University,吉林大學,493,10/sem.,全校大學部二年級以上及研究所學生U-wide UG Yr.2 above & PG students,,,
CN13,China,大陸地區,Tongji University,同濟大學,256,10/sem.,全校大學部二年級以上及研究所學生U-wide UG Yr.2 above & PG students,,GPA3.0,
CN14,China,大陸地區,Xi’an Jiaotong University,西安交通大學,303,10/sem.,全校大學部二年級以上及研究所學生U-wide UG Yr.2 above & PG students,,,
CN15,China,大陸地區,Southwest Jiaotong University,西南交通大學,N/A,5/sem.,全校大學部二年級以上及研究所學生U-wide UG Yr.2 above & PG students,,,
CN16,China,大陸地區,Southeast University,東南大學,493,2/sem.,全校大學部二年級以上及研究所學生U-wide UG Yr.2 above & PG students,,,
CN17,China,大陸地區,Chang'An University,長安大學,N/A,3/sem.,全校大學部二年級以上及研究所學生U-wide UG Yr.2 above & PG students,,,
CN18,China,大陸地區,Nanjing University,南京大學,124,10/sem.,全校大學部二年級以上及研究所學生U-wide UG Yr.2 above & PG students,,,
CN19,China,大陸地區,Harbin Institute of Technology,哈爾濱工業大學,260,5/sem.,全校大學部二年級以上及研究所學生U-wide UG Yr.2 above & PG students,,,
CN20,China,大陸地區,Chongqing University,重慶大學,751-800,3/sem.,全校大學部二年級以上及研究所學生U-wide UG Yr.2 above & PG students,,,
CN21,China,大陸地區,Zhejiang University,浙江大學,53,3/sem.,全校大學部二年級以上及研究所學生U-wide UG Yr.2 above & PG students,,,
CN22,China,大陸地區,Tsinghua University,清華大學,15,2,全校大學部二年級以上及研究所學生U-wide UG Yr.2 above & PG students,,,
CN23,China,大陸地區,Fudan University,復旦大學,34,4,全校大學部二年級以上及研究所學生U-wide UG Yr.2 above & PG students,,,
CN24,China,大陸地區,Huazhong University of Science & Technology,華中科技大學,400,3/sem.,全校大學部二年級以上及研究所學生U-wide UG Yr.2 above & PG students,,,
CN25,China,大陸地區,Central China Normal University,華中師範大學,N/A,2/sem.,人社院大學部二年級以上及研究所學生UG Yr. 2 above & PG students in College of Humanities & Social Sciences,,,
CN26,China,大陸地區,East China Normal University,華東師範大學,501-510,3/sem.,全校大學部二年級以上及研究所學生U-wide UG Yr.2 above & PG students,,平均分數Avg. Score: 80+,
CN27,China,大陸地區,South China University of Technology,華南理工大學,462,5/sem.,全校大學部二年級以上及研究所學生U-wide UG Yr.2 above & PG students,,,
CN28,China,大陸地區,Xiamen University,廈門大學,432,10/sem.,全校大學部二年級以上及研究所學生U-wide UG Yr.2 above & PG students,,,
CN29,China,大陸地區,University of Electronic Science & Technology of China,電子科技大學,701-750,5/sem.,全校大學部二年級以上及研究所學生U-wide UG Yr.2 above & PG students,,,
CN30,China,大陸地區,Soochow University,蘇州大學,651-700,2/sem.,資訊院大學部二年級以上及研究所學生UG Yr.2 above & PG students of the College of Computer Science,,,
CN31,China,大陸地區,Lanzhou University,蘭州大學,801-1000,5/sem.,全校大學部二年級以上及研究所學生U-wide UG Yr.2 above & PG students,,,
HK01,Hong Kong,香港地區,The University of Hong Kong,香港大學,22,4 sem. slots,外文系大學部學生UG students of the Department of Foreign Languages,,,
HK02,Hong Kong,香港地區,The Chinese University of Hong Kong,香港中文大學,43,2 sem. slots,社文所及亞際學程學生Students of the Graduate Institute for Social Research and Cultural Studies and Inter-Asia Cultural Studies,iBT71/IELTS6,平均分數Avg. Score: 80+,
HK03,Hong Kong,香港地區,City University of Hong Kong,香港城市大學,48,5,全校大學部二年級以上學生U-wide UG yr.2 above students,iBT79/IELTS6.5/學測英文15級分,,
HK03,Hong Kong,香港地區,City University of Hong Kong,香港城市大學,48,2 sem. slots,傳科系大學部學生UG students of the Department of Communication & Technology,,,
HK04,Hong Kong,香港地區,The Hong Kong University of Science & Technology,香港科技大學,27,4/sem.,理學院及生科院大學部學生UG students of the College of Science and College of Biological Science and Technology,,,
HK05,Hong Kong,香港地區,Hong Kong Baptist University,香港浸會大學,264,2/sem.,全校大學部二年級以上學生U-wide UG yr.2 above students,iBT79/IELTS6,平均分數Avg. Score: 75+,
HK06,Hong Kong,香港地區,The Hong Kong Polytechnic University,香港理工大學,75,Spring: 2 students,管院大學部學生UG students of the College of Management,iBT80/IELTS6,,
MO01,Macau,澳門,University of Macau,澳門大學,367,6 students,全校大學部二年級以上學生U-wide UG yr.2 above students,,平均分數 Avg. Score: 62.5+,
JP01,Japan,日本,Kyushu University,九州大學,124,6 semester spots,理學院及人社院大學部學生UG students of the College of Science & College of Humanities & Social Sciences,Recommend: English program: iBT60/IELTS6 Japanese program: JLPT N1,平均分數Avg. Score: 80+ (GPA3.2/4.0),
JP02,Japan,日本,Chiba University,千葉大學,488,2/sem.,全校大學部二年級以上及研究所學生U-wide UG yr.2 and above & PG students,各program要求不同 Varies for different programs,,
JP02,Japan,日本,Chiba University,千葉大學,488,1 student,人社院學生-應藝所及建築所碩士班學生Students of the College of Humanities & Social Sciences,,,
JP02,Japan,日本,Chiba University,千葉大學,488,2,理學院學生Students of the College of Science,,,
JP03,Japan,日本,Osaka University,大阪大學,72,3 students,全校大學部及研究所學生U-wide UG & PG students,各program要求不同 Varies for different programs,平均分數Avg. Score: 77+,
JP03,Japan,日本,Osaka University,大阪大學,72,5 students,理學院學生Students of the College of Science,,,
JP03,Japan,日本,Osaka University,大阪大學,72,5 students,理學院研究所學生PG students of the College of Science,,,
JP04,Japan,日本,Future University Hakodate,公立函館未來大學,N/A,3 students,全校大學部及研究所學生U-wide UG & PG students,UG: JLPT N2 desirable PG: able to communicate in Japanese or English,,
JP05,Japan,日本,Hokkaido University,北海道大學,139,4,全校大學部三年級以上及研究所學生U-wide UG Yr.3 above & PG students,各program要求不同Varies for different programs,各program要求不同Varies for different progra
JP06,Japan,日本,Japan Advanced Institute of Science and Technology (JAIST),北陸先端科學技術大學院大學,N/A,5 students,全校大學部三年級以上及研究所學生U-wide UG yr.3 above & PG students,,,
JP07,Japan,日本,Kyoto Institute of Technology,京都工藝纖維大學,801-1000,2,全校大學部以及研究所學生U-wide UG & PG students,,,
JP08,Japan,日本,Nara Institute of Science and Technology (NAIST),奈良先端科學技術大學,N/A,3 students,全校研究所學生U-wide PG students,,,
JP09,Japan,日本,Tohoku University,東北大學,79,1,全校大學部及研究所學生U-wide UG & PG students,各program要求不同Varies for different programs,,
JP10,Japan,日本,The University of Tokyo,東京大學,22,2,全校大學部三年級以上及研究所學生U-wide UG Yr.3 above & PG students,Type U: JLPT N1/ iBT90/IELTS6.5 Type G: varies by each Graduate School,Type G: varies by each Graduate School,
JP11,Japan,日本,Tokyo Institute of Technology (Tokyo Tech),東京工業大學,56,4 sem. slots,全校大學部二年級以上及研究所學生U-wide UG yr.2 above and PG students YSEP-Research (one-year program): UG yr.4 (not master) YSEP-Experiencing Japan (half-year program): UG yr.3 2nd sem. or yr.4 (not master) ACAP-Research: UG yr.4 or PG ACAP-Course: UG yr.2 above or PG,YSEP: Proficiency in English or Japanese is required (need official test result but no cut-off score) ACAP-Course: JLPT required for UG students except yr.4 students,,
JP12,Japan,日本,Kindai University,近畿大學,N/A,2/sem.,全校大學部學生U-wide UG students,iBT61/JLPT N2,平均分數Avg. Score: 80+,
JP13,Japan,日本,Kanazawa University,金澤大學,591-600,4,全校大學部及研究所學生U-wide UG & PG students,JLPT N2/iBT60/ IELTS5.5/ TOEIC600,,
JP14,Japan,日本,Saitama University,埼玉大學,801-1000,6 sem. slots,理學院研究所學生PG students of the College of Science,,,
JP15,Japan,日本,University of Tsukuba,筑波大學,265,7,全校大學部及研究所學生U-wide UG & PG students,College of Japanese Language & Culture: JLPT N2,,
JP16,Japan,日本,Ehime University,愛媛大學,N/A,3 students,理學院學生Students of the College of Science,,,
JP15,Japan,日本,Gunma University,群馬大學,701-750,5 students,工學院大學部以及研究所學生UG & PG students of College of Engineering,JLPT N2,,
JP16,Japan,日本,The University of Electro- Communications (UEC),電氣通信大學,N/A,4,理工領域大三以上及研究所學生UG yr. 3 and PG students in field of Science & Engineering,iBT79/IELTS6.5,平均分數Avg. Score: 80+,
JP17,Japan,日本,Toyohashi University of Technology,豐橋技術科學大學,N/A,5 students,全校大學部及研究所學生U-wide UG & PG students,iBT61/IELTS5.5/TOEIC590/JLPT N1,,
JP18,Japan,日本,Kwansei Gakuin University (KGU),關西學院大學,N/A,1 sem. slot,全校大學部及研究所學生U-wide UG & PG students,各program要求不同Varies for different programs,,
KR01,Korea,韓國,Chung-Ang University,中央大學,403,4/sem.,全校大學部及碩士班學生U-wide UG & Master students,,,
KR01,Korea,韓國,Chung-Ang University,中央大學,403,4 sem. slots,社文所、亞際學程之研究所學生PG students of the Institute of Social Research and Culture Studies and International Center for Cultural Studies,,,
KR02,Korea,韓國,University of North Korean Studies,北韓研究大學,N/A,1/sem.,社文所、亞際學程之研究所學生PG students of the Institute of Social Research and Culture Studies and International Center for Cultural Studies,TOPIK Level 5,,
KR03,Korea,韓國,Chonnam National University,全南國立大學,701-750,5 students,全校大學部二年級以上及研究所學生U-wide UG Yr.2 above & PG students,,平均分數Avg. Score: 67+,
KR04,Korea,韓國,Sungkyunkwan University,成均館大學,88,2,全校大學部及研究所學生U-wide UG & PG students,Business Administration majors: iBT80/ IELTS6/ English B2/ TOPIK 3,平均分數Avg. Score: 70+,
KR05,Korea,韓國,Sogang University,西江大學,490,3/sem.,全校大學部及研究所學生U-wide UG & PG students,建議 Recommend English courses: iBT79/IELTS6.5 Korean courses: TOPIK Level 4,,
KR06,Korea,韓國,Yonsei University ,延世大學,85,1 sem. slot,"GMBA、經管所、管科所、科管所碩班學生 Master students of GMBA, MBA, Mgt. Science & Mgt. of Technology",iBT100/IELTS7
KR06,Korea,韓國,Yonsei University ,延世大學,85,4 sem. slots,傳播與科技學系大學部及研究所學生UG & PG students of the Department of Communication & Technology,iBT79/IELTS6.5/TOPIK Level 4,平均分數 Avg. Score: 65+,
KR07,Korea,韓國,Chungnam National University,忠南國立大學,701-750,10 sem. slots,全校大學部及研究所學生U-wide UG & PG students,建議Recommend: TOPIK3,,
KR08,Korea,韓國,Konkuk University,建國大學,551-560,2/sem.,全校大學部學生U-wide UG students,,,
KR09,Korea,韓國,Seoul National University,首爾國立大學,37,3,全校大學部二年級以上及研究所學生U-wide UG Yr.2 above & PG students,建議 Recommend iBT88/IELTS6/TOPIK5,UG平均分數Avg. Score: 83+ PG平均分數Avg. Score: 89+,
KR10,Korea,韓國,Pohang University of Science & Technology,浦項工科大學,77,3,"理工領域大學部及研究所學生UG & PG students in STEM (science, technology, engineering and math)",iBT79/IELTS6,平均分數Avg. Score: 70+ (GPA over B
KR11,Korea,韓國,Ewha Womans University,梨花女子大學,333,6 sem. slots,科法院研究所學生PG students of the School of Law,,平均分數 Avg. Score: 75+,
KR11,Korea,韓國,Hanyang University,漢陽大學,146,2 sem. slots,全校大學部及碩班學生U-wide UG & Master students,IELTS5.5/iBT72/TOEIC785/TOPIK Level 4,平均分數 Avg. Score: 60+,
KR11,Korea,韓國,Hanyang University,漢陽大學,146,6 sem. slots,客家院大學部及碩士班學生UG & Master students of the College of Hakka Studies,TOPIK Level 3/IELTS5.5/TOEIC785/iBT72,平均分數Avg. Score: 60+,
KR12,Korea,韓國,Korea Advanced Institute of Science and Technology (KAIST),韓國高等理工學院,39,2 sem. slots,管院碩班學生College of Management Master students,,平均分數Avg. Score:69+,
SG01,Singapore,新加坡,Nanyang Technological University,南洋理工大學,13,1,全校大學部及碩士班學生U-wide UG & Master students,建議Recommend: iBT90/IELTS6 GEPT-中高級2nd stage,平均分數Avg. Score: 70+/B,
SG02,Singapore,新加坡,Singapore University of Technology and Design (SUTD),新加坡科技與設計大學,N/A,Spring: 2 students,全校大學部及碩士班學生U-wide UG & Master students,,,
SG03,Singapore,新加坡,National University of Singapore,新加坡國立大學,11,5 (excluding Business) + 1 for Law,全校大學部二年級以上學生U-wide UG yr.2 above students,,平均分數 Avg. Score: 70+ (no grade <C/65),
SG03,Singapore,新加坡,National University of Singapore,新加坡國立大學,11,Spring 3 (傳科: 保障1 student),人社院、客家院大學部及研究所學生UG & PG students of the College of Humanities & Social Sciences and the College of Hakka Studies,,平均分數Avg. Score:70+/B, no C
SG04,Singapore,新加坡,Singapore Management University,新加坡管理大學,511-520,1/sem.,科法所學生 PG students of the Institute of Technology Law,iBT79/IELTS6.5,,
MY01,Malaysia,馬來西亞,Universiti Tunku Abdul Rahman (UTAR),拉曼大學,801-1000,8 sem. slots,全校大學部及研究所學生U-wide UG & PG students,,,
MY02,Malaysia,馬來西亞,Universiti Kebangsaan Malaysia (UKM),馬來西亞國立大學,141,2/sem.,全校大學部學生U-wide UG students,,平均分數Avg. Score: 70+,
MY03,Malaysia,馬來西亞,Universiti Teknologi Malaysia (UTM),馬來西亞理工大學,187,6 sem. slots,全校大學部及研究所學生U-wide UG & PG students,iBT79/IELTS6,,
TH01,Thailand,泰國,Chulalongkorn University,朱拉隆功大學,208,2/sem.,生科院大學部三年級以上及研究所學生UG yr. 3 above and PG students of the College of Biotech.,iBT79/IELTS6,平均分數Avg. Score: 80+,
TH02,Thailand,泰國,Thammasat University,法政大學,561-570,3 students,生科院大學部二年級以上及研究所學生UG yr. 2 above and PG students of the College of Biotech.,iBT60/IELTS5.5,平均分數Avg. Score: 62.5+,
TH02,Thailand,泰國,Thammasat University,法政大學,561-570,3 students,理學院大學部二年級以上及研究所學生UG yr. 2 above and PG students of the College of Science,,,
TH02,Thailand,泰國,Thammasat University,法政大學,561-570,2 sem. slots,管理學院大學部及研究所學生UG & PG students of the College of Management,iBT79/IELTS6.5,,
TH03,Thailand,泰國,Kasetsart University,泰國農業大學,801-1000,10 sem. slots,全校大學部二年級以上及研究所學生U-wide UG Yr.2 above & PG students,iBT61/IELTS5.5,,
TH03,Thailand,泰國,Kasetsart University,泰國農業大學,801-1000,3 students,生科院大學部二年級以上及研究所學生UG yr. 2 above and PG students of the College of Biotech.,,,
TH04,Thailand,泰國,King Mongkut's University of Thonburi (KMUTT),國王科技大學,801-1000,5 students,生科院、理學院大學部二年級以上及研究所學生UG yr. 2 above and PG students of the College of Biotech. & College of Science,,,
TH05,Thailand,泰國,Chiang Mai University,清邁大學,601-650,10 sem. slots,國際半導體產業學院研究所學生PG students of the International College of Semiconductor Technology,,,
BN01,Brunei,汶萊,Universiti Brunei Darussalam (UBD),汶萊大學,254,2 sem. slots,全校大學部二年級以上及研究所學生U-wide UG yr.2 above & PG students,iBT79/IELTS6,平均分數Avg. Score: 62.5+,
ID01,Indonesia,印尼,Airlangga University (UNAIR),艾爾朗加大學,521-530,10/sem.,理學院大學部二年級以上及碩班學生UG yr.2 above and Master studnets of the College of Science,iBT70/IELTS5 (no sub-band less than 5),,
IN01,India,印度,Vel Tech Rangarajan Dr. Sagunthala R&D Institute of Science and Technology,Vel Tech理工學院,N/A,10 students,機械系大學部三年級以上及研究所學生UG yr.3 above & PG students of the Department of Mechanical Engineering,,,
IN02,India,印度,Indian Institute of Technology Bombay(IITB),印度理工學院孟買分校,172,4 students,全校大學部及研究所學生U-wide UG & PG students,iBT95 (writing at least 20)/IELTS6.5 (no sub-band lower than 6),,
IN03,India,印度,Indian Institute of Technology Madras(IITM),印度理工學院馬德拉斯分校,275,5/sem.,全校大學部及研究所學生U-wide UG & PG students,,,
TR01,Turkey,土耳其,KOC University,柯克大學,465,6 sem. slots,全校大學部及碩士班學生U-wide UG & Master students,iBT80/IELTS6.5,平均分數 Avg. Score: 75+,
TR02,Turkey,土耳其,Bilkent Univesity,畢爾肯大學,551-560,8 sem. slots,資訊學院大學部以及研究所學生UG & PG students of College of Computer Science,iBT79/IELTS6.5/GEPT中高級複試/TOEIC785+SW240,,
TR03,Turkey,土耳其,Sabanci University,薩班哲大學,521-530,8 students,全校大學部及研究所學生U-wide UG & PG students,建議Recommend: iBT80,,
RU01,Russia,俄羅斯,Federal State Budget Educational Institution of Higher Education MIREA - Russian Technological University (RTU MIREA),莫斯科科技大學,N/A,5/sem.,全校大學部及研究所學生U-wide UG & PG students,,,
RU02,Russia,俄羅斯,Lomonosov Moscow State University (LMSU),莫斯科國立大學,74,2/sem.,全校大學部及碩班學生U-wide UG & Master students,,,
RU03,Russia,俄羅斯,Peter the Great St. Petersburg Polytechnic University (SPbPU),聖彼得堡國立技術大學,401,2/sem.,全校大學部及碩士班學生U-wide UG & Master students,建議英文Recommend English B2,,
NO01,Norway,挪威,University of Agder,阿格德爾大學,N/A,9,全校大學部及研究所學生U-wide UG & PG students,建議 Recommend above: 英文B2以上,,
FI01,Finland,芬蘭,Aalto University,阿爾托大學,127,1,應藝所學生Students of the Institute of Applied Arts,建議B2 Recommend B2,,
FI02,Finland,芬蘭,University of Jyvaskyla,于韋斯屈萊大學,333,6/sem.,全校大學部二年級以上及碩士班學生U-wide UG yr.2 above & Master students,建議至少B1，最好B2 Recommend: at least B1, preferably B2,
FI03,Finland,芬蘭,Hanken School of Economics,漢肯經濟學院,N/A,1/sem.,管院大學部三年級以上及研究所學生UG yr.3 above & PG students of the College of Management,iBT87/IELTS6.5,,
SE01,Sweden,瑞典,Linkoping University,林雪平大學,362,10 sem. slots,理工領域大學部三年級以上及碩班學生UG yr.3 & Master students in fields of Science & Technology,,,
SE02,Sweden,瑞典,Chalmers University of Technology,查默斯理工大學,139,9,理工領域大學部四年級以上及碩班學生UG yr.4 above & Master students in fields of Science & Technology,,,
SE03,Sweden,瑞典,KTH Royal Institute of Technology,皇家理工學院,98,1,理工領域大學部三年級以上及碩班學生UG yr.3 above & Master students in fields of Science & Technology,,,
DK01,Denmark,丹麥,Technical University of Denmark,丹麥科技大學,103,4 students,全校大學部三年級以上及碩班學生U-wide UG yr.3 above & Master students,iBT88/IELTS6.5,,
DK02,Denmark,丹麥,University of Southern Denmark (SDU),南丹麥大學 ,353,10 sem. slots,全校大學部二年級以上及碩班學生U-wide UG yr.2 & Master students,iBT88/IELTS6.5,,
LT01,Lithuania,立陶宛,Vilnius University,維爾紐斯大學,425,3 sem. slots,全校大學部及研究所學生U-wide UG & PG students,iBT42/IELTS4.5,,
LT02,Lithuania,立陶宛,Vilnius Gediminas Technical University (VGTU),維爾紐斯格迪米尼茲科技大學,591-600,4 sem. slots,全校大學部及研究所學生U-wide UG & PG students,iBT72/IELTS5.5,,
SK01,Slovakia,斯洛伐克,Technical University of Kosice (TUKE),科希策技術大學,801-1000,10 students,工學院大學部及研究所學生UG & PG students of the College of Engineering,,,
PO01,Poland,波蘭,Cracow University of Economics,夸克經濟大學,N/A,2/sem.,全校大學部及研究所學生U-wide UG & PG students,iBT87/IELTS6/TOEIC750,,
PO02,Poland,波蘭,Maria Curie-Sklodowska University (UMCS),居里夫人大學,N/A,2/sem.,全校大學部及研究所學生U-wide UG students,iBT42/IELTS4.5 English Philology: iBT72/IELTS5.5,,
PO03,Poland,波蘭,University of Warsaw,華沙大學,321,4 students,全校大學部及研究所學生U-wide UG & PG students,B2: 波蘭文或英文Polish or English (iBT87/IELTS6),,
CZ01,Czech Republic,捷克,Czech Technical University in Prague (CTU),布拉格捷克理工大學,432,5 students,全校大學部及研究所學生U-wide UG & PG students,iBT72/IELTS5.5/TOEIC Reading 385 Listening 400,,
CZ02,Czech Republic,捷克,Brno University of Technology,布爾諾科技大學,651-700,9,全校大學部二年級以上及研究所學生U-wide UG yr.2 above & PG students,,,
CZ03,Czech Republic,捷克,University of Ostrava,俄斯特拉發大學,801-1000,1,全校大學部二年級以上及碩班學生U-wide UG yr.2 above & Master students,iBT65/IELTS5.5/TOEIC605,平均分數Avg. Score: 50+,
CZ04,Czech Republic,捷克,Masaryk University,馬薩里克大學,531-540,3/sem.,全校大學部及研究所學生U-wide UG & PG students,iBT70/IELTS5.5/TOEIC785,平均分數Avg. Score: 70+,
HU01,Hungary,匈牙利,E?tv?s Lor?nd University (ELTE),羅蘭大學,601-650,3,全校大學部二年級以上及研究所學生U-wide UG yr.2 above & PG students,建議 English B2,,
AT01,Austria,奧地利,Graz University of Technology,格拉茨科技大學,275,10 sem. slots,全校大學部及碩班學生U-wide UG & Master students,iBT75/IELTS6/TOEIC785+SW310/German B2,,
AT02,Austria,奧地利,University of Vienna,維也納大學,150,1 sem. slot,全校大學部二年級以上及碩士班學生U-wide UG yr.2 above & Master students,iBT80/IELTS6,,
IT01,Italy,義大利,Politecnico di Milano (Polimi),米蘭理工大學,137,2,"電機、資訊、工學院大學部及研究所學生UG & PG students of the College of ECE, CS and Engineering",建議 Recommend 義大利文B1 and iBT72/IELTS5.5,
IT02,Italy,義大利,University of Parma (UNIPR),帕爾馬大學,801-1000,10 sem. slots,"電機、資訊、工、理、管及人社院大學部及研究所學生UG & PG students of the College of ECE, CS, Engineering, Science, Management and Humanities & Social Sciences",義大利文A2/iBT42/IELT
IT03,Italy,義大利,University of Turin,都靈大學,521-530,5 students,全校大學部及研究所學生U-wide UG & PG students,,,
DE01,Germany,德國,RWTH Aachen University,阿亨工業大學,145,1,全校大學部三年級以上及研究所學生U-wide UG yr.3 above & PG students,TestDaF 4/iBT72/IELTS5.5,,
DE01,Germany,德國,RWTH Aachen University,阿亨工業大學,145,1,電機院、資訊院大學部三年級以上及研究所學生 UG yr. 3 above & PG students of the College of ECE and CS,,,
DE02,Germany,德國,Technical University of Berlin,柏林工業大學,148,2,全校大學部二年級以上及碩班學生U-wide UG yr.2 above & Master students,德文B2/iBT87/IELTS5/TOEIC605,,
DE03,Germany,德國,SRH University Heidelberg,海德堡應用技術大學,N/A,8 sem. slots,全校大學部及研究所學生U-wide UG & PG students (大學部學生須有商管或國際關係背景，碩士班學生須有工程/電腦或資訊背景 Bachelor students with business/management/international relation background; Master students with engineering/computer science/information technology background),德檢German B2 or iBT79/IELTS6.5,,
DE04,Germany,德國,University of Mannheim,曼漢姆大學,307,1,"管、理、資訊院大學部二年級以上及碩班學生UG yr.2 & Master students of the College of Management, Science & Computer Science",德檢German B2 or iBT72/IETLS5.5,
DE05,Germany,德國,University of Stuttgart,斯圖加特大學,333,4,全校大學部及研究所學生U-wide UG & PG students,Take courses in German: German C1 or German A2 + intensive German course Take courses in English: iBT72/IELTS5.5+ intensive German course,平均分數Avg. Score: 65+,
DE06,Germany,德國,University of Augsburg,奧格斯堡大學,N/A,3,全校大學部及碩班學生U-wide UG & Master students,德檢German B2 or 基礎德文Basic German +iBT72/IELTS5.5/TOEIC Listening400+Reading 385,,
DE07,Germany,德國,Friedrich-Alexander University Erlangen-N?rnberg,(FAU) 愛爾朗根-紐倫堡大學,317,6 sem. slots,工學院大學部四年級及研究所學生UG yr.4 & PG students of the College of Engineering,iBT95/IETLS7,,
DE08,Germany,德國,Darmstadt University of Applied Sciences (h_da),達姆施塔特應用技術大學,N/A,4 sem. slots,應藝所學生Students of the Institute of Applied Arts,德檢German B2 or iBT72/IETLS5.5,,
DE09,Germany,德國,Reutlingen University,羅特林根大學,N/A,工、電機、資訊、生科: 15 sem. slots,"工、電機、資訊、管院、生科大學部及研究所學生UG & PG students of the College of Engineering, Electronic & Electrical Engineering, Computer Science & Management & Biological Science and Technology",iBT72/IELTS5.5
DE09,Germany,德國,Reutlingen University,羅特林根大學,N/A,"管: UG-6 sem. slots, PG-2 students","工、電機、資訊、管院、生科大學部及研究所學生UG & PG students of the College of Engineering, Electronic & Electrical Engineering, Computer Science & Management & Biological Science and Technology",iBT72/IELTS5.5,
NE01,Netherlands,荷蘭,Radboud University Nijmegen,拉德堡德大學(原奈美恩大學),214,2,管院大學部二年級以上及碩班學生UG yr.2 above & Master students of the College of Management,UG: iBT70/IELTS5.5/TOEIC620(LRSW) PG: iBT90/IELTS6.5/TOEIC720(LRSW),,
NE01,Netherlands,荷蘭,Radboud University Nijmegen,拉德堡德大學(原奈美恩大學),214,4 students,客家院大學部二年級以上及碩班學生UG yr.2 above & Master students of the College of Hakka Studies,Arts: iBT79/IELTS6/TOEIC785(LRSW) English & American Studies: iBT92/IELTS7/TOEIC945(LRSW),,
NE02,Netherlands,荷蘭,University of Twente,湍特大學,197,6,全校大學部二年級以上及碩班學生U-wide UG yr.2 above & Master students,iBT80/IELTS6/TOEIC790(with S&W and L&R),,
NE03,Netherlands,荷蘭,University of Groningen,葛洛寧恩大學,128,3 sem. slots,管院大學部三年級以上及研究所學生UG yr.3 above & PG students of the College of Management,"UG: iBT80(S&W19+)/IELTS6(S6+,W5.5+) PG: iBT90(S&W21+)/IELTS6.5(S6+,W6.5+)"
BE01,Belgium,比利時,Universite libre de Bruxelles (ULB),布魯塞爾自由大學,250,4,全校大學部及研究所學生U-wide UG & PG students,建議法語B1以上Recommend French: B1,,
BE01,Belgium,比利時,Universite libre de Bruxelles (ULB),布魯塞爾自由大學,250,4 sem. slots,管院大學部三年級以上及碩士班學生UG yr.3 above & Master students of the College of Management,建議英文B2以上 Recommend English: B2,,
BE02,Belgium,比利時,University of Antwerp,安特衛普大學,238,2 sem. slots,全校大學部四年級以上及研究所學生U-wide UG yr.4 above & PG students,iBT79/IELTS6.5,,
BE02,Belgium,比利時,University of Antwerp,安特衛普大學,238,4 sem. slots,"管理學院大學部三年級以上及碩士班學生UG yr.3, 4 and Master students of the College of Management",iBT79/IELTS6.5,
BE03,Belgium,比利時,Hasselt University,哈瑟爾特大學,456,2 students,電子或資通領域大學部三年級以上及碩士班學生UG yr.3 above & Master students in Electronics or ICT,iBT79/IELTS6.5,,
BE04,Belgium,比利時,K.U. Leuven,魯汶大學,84,4 sem. slots,管院大二以上及碩士班學生UG yr.2 above & Master students in College of Management,iBT79/IELTS6.5,,
BE04,Belgium,比利時,K.U. Leuven,魯汶大學,84,4 students,工學院大四以上及碩士班學生UG yr.4 above & Master students in College of Engineering,iBT94/IELTS7,,
BE04,Belgium,比利時,K.U. Leuven,魯汶大學,84,8 sem. slots (UG: 4 / PG: 4),理學院大四以上及碩士班學生UG yr.4 above & Master students in College of Science,,
SP01,Spain,西班牙,University of Barcelona,巴塞隆納大學,183,4 sem. slots,生科院大學部及碩士班學生UG and Master students of the College of Biological Science and Technology,英文或西文B1以上(iBT42/IELTS4/TOEIC550),,
SP02,Spain,西班牙,Autonomous University of Barcelona,巴塞隆納自治大學,213,2 sem. slots,"電機、資訊、理學院大學部學生UG students of the College of ECE, CS, Science",iBT79/IELTS6.5/DELE B2
SP03,Spain,西班牙,Universidad Carlos III de Madrid (UC3M),馬德里卡洛斯三世大學,311,10 sem. slots,全校大學部二年級以上學生U-wide UG yr.2 & above students,建議英文或西文B2以上,,
CH01,Switzerland,瑞士,"Zurich University of Applied Sciences, Winterthur (ZHAW)",蘇黎世應用科學大學溫特圖分校,N/A,"8 sem. slots(UG: 6, PG: 2)",管院大學部及研究所學生UG & PG students of the College of Management,iBT79/IELTS6.
FR01,France,法國,KEDGE Business School,KEDGE高等商業學院,N/A,7 sem. slots,管院、應藝所非博士班學生Students of the College of Management and Institute of Applied Arts (PhD students not applicable),iBT79/IELTS6/TOEIC785,,
FR02,France,法國,SKEMA Business School,SKEMA商學院,N/A,8 sem. slots,管院大學部及碩班學生UG & Master students of the College of Management,iBT79/IELTS6.5/TOEIC830,平均分數Avg. Score: 62.5+,
FR03,France,法國,ESME Sudria Engineering School,SUDRIA機電專業學院,N/A,6 sem. slots,資訊院大學部及研究所學生UG & PG students of the College of Computer Science,iBT65/IELTS5.5/TOEIC600,,
FR04,France,法國,Y SCHOOLS,Y Schools精英高等院校聯盟,N/A,5 sem. slots,管院大學部及碩士班學生UG & Master students of the College of Management,,,
FR05,France,法國,Institut Sup?rieur d’Electronique de Paris (ISEP),巴黎高等電子學院,N/A,5 students,全校大學部三年級以上及碩士班學生U-wide UG yr.3 above & Master students,iBT79/IELTS6.5,,
FR06,France,法國,University Paris-Est Cr?teil (UPEC),巴黎第十二大學,N/A,4 sem. slots,管院大學部三年級以上及研究所學生UG yr.3 above & PG students of the College of Management,法檢 French B2/ iBT87/IELTS6,,
FR06,France,法國,University Paris-Est Cr?teil (UPEC),巴黎第十二大學,N/A,4 sem. slots,理工領域大二以上及研究所學生UG yr. 2 and PG students in field of Science & Engineering,,,
FR06,France,法國,University Paris-Est Cr?teil (UPEC),巴黎第十二大學,N/A,4 students,工學院大學部及研究所學生UG and PG students of the College of Engineering,iBT42/IELTS4/TOEIC550,,
FR07,France,法國,?cole Polytechnique,巴黎綜合理工學院,61, 4 sem. slots,"數學、資訊、經濟以及物理領域之大學部以及研究所學生UG & PG students in the fields of Mathematics, Computer Science, Economics and Physics",UG: iBT72/IELTS5.5 PG: iBT72/IELTS5.5/French B2,平均分數Avg. Score: 75
FR08,France,法國,Paris-Saclay University,巴黎-薩克雷大學,305,10 sem. slots,"法律、經濟/管理、理/科技/健康領域三年級以上及碩班學生UG yr.3 above & Master students in Law, Economics/Management, Science/Technology/Health",建議 recommend French B1-B2
FR09,France,法國,University of Strasbourg,史特拉斯堡大學,398,8 sem. slots,客家院大三以上及碩士班學生UG yr.3 & Master students of the College of Hakka Studies,法文French B1,,
FR10,France,法國,Sup'Biotech Paris,生物技術高等學院,N/A,10 sem. slots,理學院及生科院大學部三年級以上及碩班學生UG yr.3 above & Master students of the College of Science and College of Biological Science and Technology,iBT70/IELTS6,,
FR11,France,法國,Universit? Jean Moulin Lyon 3,里昂第三大學,1001+,3,全校大學部三年級以上及研究所學生U-wide UG yr.3 above & PG students,iBT80 (no section below 20)/IELTS6.5 (no sub-band below 6)/DELF B1/ TOEIC(L/S/R/W)1020,,
FR12,France,法國,Universite Catholique de Lille,里爾天主教大學,N/A,4 students,工、光電院大學部三年級以上與碩士班學生UG yr.3 above & Master students of the College of  Engineering, Photonics,iBT72/IELTS5.5/TOEIC785,
FR13,France,法國,University of Bordeaux,波爾多大學,425,4 sem. slots,全校大學部二年級以上及研究所學生U-wide UG yr.2 above & PG students,法文B1 or iBT72/IELTS5.5,,
FR14,France,法國,IMT Mines Albi,阿爾比-加莫國立高等礦業學校,N/A,"French program: 6 students,English program: upon request","理工領域大三以上以及碩班學生UG yr.3 above and Master students in engineering",iBT80/IELTS6/TOEIC750/French B2,
FR15,France,法國,Burgundy School of Business,勃根地商學院,N/A,6 sem. slots,管院學生Students of the College of Management,IELTS6/TOEIC750iBT80/CEFR B1 or TCF 4/French B2,,
FR16,France,法國,University of Technology of Troyes,特魯瓦科技大學,N/A,2 students,全校大學部二年級以上及研究所一年級以上學生 U-wide UG Yr.2 above & PG students Yr.1 above,B1 of English if the student intends to enroll in courses taught in English. B1 of French if the student intends to enroll in courses taught in French. No proof of language test is required.,,
FR16,France,法國,University of Technology of Troyes,特魯瓦科技大學,N/A,3/sem.,工學院之研究所學生PG students of College of Engineering,法文課程 French program: French B1,,
FR17,France,法國,University of Technology of Compi?gne (UTC),貢比涅技術大學,N/A,3/sem.,全校大學部三年級以上及碩士班學生U-wide UG yr.3 above & Master students,English A2 (iBT31/ IELTS4),,
FR18,France,法國,INSA Strasbourg,國立史特拉斯堡應用科學學院,N/A,10 sem. slots,工學院大學部三年級以上及碩班學生UG yr.3 above & Master students of the College of Engineering,法文French B1+30hr密集法文課Intensive French Course or 法文French B2,,
FR19,France,法國,INSA Toulouse,國立圖盧茲應用科學學院,N/A,4 semester spots(max. 2/specialty),資訊院大學部及碩士班學生UG & Master students of the College of Computer Science,建議英文B2 或法文B1以上 Recommended English B2 or French B1,平均分數Avg. Score: 67.5+,
FR20,France,法國,?cole des mines de Saint-?tienne (EMSE),聖艾蒂安礦業學院,N/A,4/sem.,全校研究所學生U-wide PG students,iBT72/IELTS5.5/French B1,,
FR21,France,法國,University of Versailles Saint-Quentin-en-Yvelines (UVSQ),聖康丁昂伊夫利納-凡爾賽大學,N/A,3/sem.,工學院大學部二年級以上及碩班學生UG yr.3 above & Master students of the College of Engineering,,,
FR22,France,法國,CY Cergy Paris Universit?-CY Tech (原EISTI),CY塞爾吉-巴黎大學,N/A,6 students,"管理、理、資訊院大學部四年級以上及研究所學生UG yr.4 above and PG students of the College of Management, Science & Computer Science",iBT80/IELTS6.5,
FR23,France,法國,Rennes School of Business,雷恩商學院,N/A,12 sem. slots,管院大學部三年級以上及碩班學生UG yr.3 above & Master students of the College of Management,iBT72/IELTS5.5/TOEIC750,,
FR24,France,法國,University of Rennes 1,雷恩第一大學,801-1000,5/sem.,電機、資訊院大學部四年級及碩士班學生UG yr.4 & Master students of the College of Electrical & Computer Engineering and the College of Computer Science,iBT72/IELTS5.5,,
FR25,France,法國,Universit? Toulouse III – Paul Sabatier (UPS),圖盧茲第三大學,551-560,5 students,全校大學部學生U-wide UG students,iBT72/IELTS5.5,,
FR26,France,法國,EM Normandie,諾曼第管理學院,N/A,10 sem. slots,管院大學部三年級以上學生UG yr.3 above students of the College of Management,UG: TOEIC750/IELTS5/iBT72,,
FR27,France,法國,Institut Mines-T?l?com Business School (IMT-BS),礦業學院-電信商學院,N/A,6 sem. slots,管院大學部四年級及碩士班學生UG yr.4 & Master students of the College of Management,iBT79/IELTS6.5,,
FR28,France,法國,IPAG Business School,IPAG高等商學院,N/A,4 students,管院大學部學生UG students of the College of Management,建議CEFR英文B2以上,,
PT01,Portugal,葡萄牙,University of Algarve (UAlg),阿爾加夫大學,N/A,4 sem. slots,管院、國際半導體學院大學部四年級與研究所學生UG yr.4 & PG students of the College of Management & International College of Semiconductor Technology,iBT80/IELTS6,,
UK01,United Kingdom,英國,The University of Leeds,里茲大學,91,自費交換: 20 students,全校大學部及研究所學生U-wide UG & PG students,IELTS6/iBT87,,
PF01,French Polynesia,法屬玻里,The University of French Polynesia (UPF),法屬玻里尼西亞大學,N/A,2 students,全校大學部及研究所學生U-wide UG & PG students,,,
NZ01,New Zealand,紐西蘭,Auckland University of Technology (AUT),奧克蘭理工大學,437,1 sem. slot,管院大學部二年級以上及碩班學生UG yr.2 above & Master tudents of the College of Management,UG: iBT60/IELTS6/(all bands 5.5+) PG: iBT79/IELTS6.5 (all bands 6+),平均分數 Avg. Score:75+,
CA02,Canada,加拿大,?cole des sciences de la gestion de l'Universit? du Qu?bec ? Montr?al (UQAM),魁北克大學蒙特婁分校管理學院,601-650,3,管院大學部二年級以上及研究所學生UG yr.2 above & PG students of the College of Management,iBT80/IELTS6/TOEIC750,平均分數 Avg. Score:70+,
CA03,Canada,加拿大,University of Regina,里賈納大學,N/A,3 sem. slots,全校大學部二年級以上學生U-wide UG yr.2 & above students,,,
US01,U.S.A.,美國,University of North Texas,北德州大學,N/A,1 sem. slot,全校大學部及碩士班學生U-wide UG & Master students,IELTS6/iBT79,,
US02,U.S.A.,美國,Juniata College,朱尼亞塔學院,N/A,4 sem. slots,全校大學部二年級以上學生U-wide UG yr.2 & above students, iBT80,,
US03,U.S.A.,美國,Chapman University,查普曼大學,N/A,1 sem. slot,全校大學部及研究所學生U-wide UG & PG students,建議Recommend:iBT87/IELTS6,平均分數 Avg. Score:80+,
US04,U.S.A.,美國,University of Colorado Boulder,科羅拉多大學 波德分校,230,2 sem. slots,全校大學部二年級以上學生U-wide UG yr.2 & above students,IELTS8 or iBT83 (engineering)/iBT75 (others),,
US05,U.S.A.,美國,"Stony Brook University, State University of New York",紐約州立大學石溪分校,373,1 sem. slot,全校大學部學生U-wide UG students,IELTS6.5/iBT80,,
